-- Backup Database: jemaka_salmax
-- Data: 9/2/2026, 16:07:38
-- Backup completo (admin)

SET FOREIGN_KEY_CHECKS=0;

-- ==========================================
-- STRUTTURA TABELLE
-- ==========================================

-- Struttura tabella: clienti
DROP TABLE IF EXISTS `clienti`;
CREATE TABLE `clienti` (
  `id` int(11) NOT NULL AUTO_INCREMENT,
  `nome` varchar(100) DEFAULT NULL,
  `cognome` varchar(122) DEFAULT NULL,
  `ragionesociale` varchar(255) NOT NULL,
  `indirizzo` varchar(255) NOT NULL,
  `citta` varchar(50) NOT NULL,
  `provincia` varchar(10) NOT NULL,
  `cap` int(11) NOT NULL,
  `indirizzo_spedizione` varchar(255) NOT NULL,
  `citta_spedizione` varchar(50) NOT NULL,
  `provincia_spedizione` varchar(10) NOT NULL,
  `cap_spedizione` int(11) NOT NULL,
  `piva` varchar(25) NOT NULL,
  `societa_id` int(11) NOT NULL,
  PRIMARY KEY (`id`),
  KEY `societa_id` (`societa_id`),
  CONSTRAINT `clienti_ibfk_1` FOREIGN KEY (`societa_id`) REFERENCES `societa` (`id`) ON DELETE CASCADE ON UPDATE CASCADE
) ENGINE=InnoDB AUTO_INCREMENT=37 DEFAULT CHARSET=utf8mb4 COLLATE=utf8mb4_general_ci;

-- Struttura tabella: dipendenti
DROP TABLE IF EXISTS `dipendenti`;
CREATE TABLE `dipendenti` (
  `id` int(11) NOT NULL AUTO_INCREMENT,
  `nome` varchar(100) NOT NULL,
  `cognome` varchar(100) DEFAULT NULL,
  `cf` varchar(16) NOT NULL,
  `data` date NOT NULL,
  `residenza` varchar(255) NOT NULL,
  `comune` varchar(100) NOT NULL,
  `cap` int(11) NOT NULL,
  `provincia` varchar(50) NOT NULL,
  `ruolo` varchar(100) NOT NULL,
  `iban` varchar(27) NOT NULL,
  `societa_id` int(11) NOT NULL,
  PRIMARY KEY (`id`),
  KEY `societa_id` (`societa_id`),
  CONSTRAINT `dipendenti_ibfk_1` FOREIGN KEY (`societa_id`) REFERENCES `societa` (`id`) ON DELETE CASCADE ON UPDATE CASCADE
) ENGINE=InnoDB AUTO_INCREMENT=28 DEFAULT CHARSET=utf8mb4 COLLATE=utf8mb4_general_ci;

-- Struttura tabella: righe_bolla
DROP TABLE IF EXISTS `righe_bolla`;
CREATE TABLE `righe_bolla` (
  `id` int(11) NOT NULL AUTO_INCREMENT,
  `bolla_id` int(11) NOT NULL,
  `prodotto_id` int(11) NOT NULL,
  `quantita` int(11) NOT NULL,
  `descrizione` text DEFAULT NULL,
  `prezzo` float NOT NULL,
  `societa_id` int(11) NOT NULL,
  PRIMARY KEY (`id`),
  KEY `bolla_id` (`bolla_id`),
  KEY `prodotto_id` (`prodotto_id`),
  KEY `societa_id` (`societa_id`),
  CONSTRAINT `righe_bolla_ibfk_1` FOREIGN KEY (`bolla_id`) REFERENCES `bolle` (`id`) ON DELETE CASCADE,
  CONSTRAINT `righe_bolla_ibfk_2` FOREIGN KEY (`prodotto_id`) REFERENCES `prodotti` (`id`) ON DELETE CASCADE,
  CONSTRAINT `righe_bolla_ibfk_3` FOREIGN KEY (`societa_id`) REFERENCES `societa` (`id`) ON DELETE CASCADE ON UPDATE CASCADE
) ENGINE=InnoDB AUTO_INCREMENT=864 DEFAULT CHARSET=utf8mb4 COLLATE=utf8mb4_general_ci;

-- Struttura tabella: tickets
DROP TABLE IF EXISTS `tickets`;
CREATE TABLE `tickets` (
  `id` int(11) NOT NULL AUTO_INCREMENT,
  `societa_id` int(11) NOT NULL,
  `oggetto` varchar(255) NOT NULL,
  `descrizione` text NOT NULL,
  `categoria` enum('tecnico','commerciale','amministrativo','altro') DEFAULT 'altro',
  `stato` enum('aperto','in_lavorazione','risolto','chiuso') DEFAULT 'aperto',
  `priorita` enum('bassa','normale','alta','urgente') DEFAULT 'normale',
  `data_creazione` datetime DEFAULT current_timestamp(),
  `data_aggiornamento` datetime DEFAULT current_timestamp() ON UPDATE current_timestamp(),
  PRIMARY KEY (`id`),
  KEY `idx_tickets_societa` (`societa_id`),
  KEY `idx_tickets_stato` (`stato`),
  CONSTRAINT `tickets_ibfk_1` FOREIGN KEY (`societa_id`) REFERENCES `societa` (`id`) ON DELETE CASCADE
) ENGINE=InnoDB AUTO_INCREMENT=4 DEFAULT CHARSET=utf8mb4 COLLATE=utf8mb4_general_ci;

-- Struttura tabella: ticket_messaggi
DROP TABLE IF EXISTS `ticket_messaggi`;
CREATE TABLE `ticket_messaggi` (
  `id` int(11) NOT NULL AUTO_INCREMENT,
  `ticket_id` int(11) NOT NULL,
  `mittente_tipo` enum('cliente','admin') NOT NULL,
  `messaggio` text NOT NULL,
  `data_invio` datetime DEFAULT current_timestamp(),
  PRIMARY KEY (`id`),
  KEY `ticket_id` (`ticket_id`),
  CONSTRAINT `ticket_messaggi_ibfk_1` FOREIGN KEY (`ticket_id`) REFERENCES `tickets` (`id`) ON DELETE CASCADE
) ENGINE=InnoDB AUTO_INCREMENT=8 DEFAULT CHARSET=utf8mb4 COLLATE=utf8mb4_general_ci;

-- Struttura tabella: notifiche
DROP TABLE IF EXISTS `notifiche`;
CREATE TABLE `notifiche` (
  `id` int(11) NOT NULL AUTO_INCREMENT,
  `societa_id` int(11) NOT NULL,
  `ticket_id` int(11) NOT NULL,
  `tipo` enum('nuova_risposta','cambio_stato','ticket_chiuso') NOT NULL,
  `messaggio` varchar(255) NOT NULL,
  `letta` tinyint(1) DEFAULT 0,
  `data_creazione` datetime DEFAULT current_timestamp(),
  PRIMARY KEY (`id`),
  KEY `ticket_id` (`ticket_id`),
  KEY `idx_notifiche_societa` (`societa_id`),
  KEY `idx_notifiche_letta` (`letta`),
  CONSTRAINT `notifiche_ibfk_1` FOREIGN KEY (`societa_id`) REFERENCES `societa` (`id`) ON DELETE CASCADE,
  CONSTRAINT `notifiche_ibfk_2` FOREIGN KEY (`ticket_id`) REFERENCES `tickets` (`id`) ON DELETE CASCADE
) ENGINE=InnoDB AUTO_INCREMENT=9 DEFAULT CHARSET=utf8mb4 COLLATE=utf8mb4_general_ci;

-- Struttura tabella: admin
DROP TABLE IF EXISTS `admin`;
CREATE TABLE `admin` (
  `id` int(11) NOT NULL AUTO_INCREMENT,
  `username` varchar(50) NOT NULL,
  `password` varchar(255) NOT NULL,
  `email` varchar(100) NOT NULL,
  `nome` varchar(100) NOT NULL,
  `creato_il` datetime DEFAULT current_timestamp(),
  PRIMARY KEY (`id`),
  UNIQUE KEY `username` (`username`)
) ENGINE=InnoDB AUTO_INCREMENT=2 DEFAULT CHARSET=utf8mb4 COLLATE=utf8mb4_general_ci;

-- Struttura tabella: produzione
DROP TABLE IF EXISTS `produzione`;
CREATE TABLE `produzione` (
  `id` int(11) NOT NULL AUTO_INCREMENT,
  `societa_id` int(11) NOT NULL,
  `codice_articolo` varchar(100) DEFAULT NULL,
  `descrizione` text DEFAULT NULL,
  `mese` varchar(7) NOT NULL COMMENT 'Formato: YYYY-MM',
  `quantita` longtext CHARACTER SET utf8mb4 COLLATE utf8mb4_bin DEFAULT NULL COMMENT 'Array di quantità variabile per ogni riga [q1, q2, ...] - può essere vuoto' CHECK (json_valid(`quantita`)),
  `note` text DEFAULT NULL,
  `data_creazione` timestamp NULL DEFAULT current_timestamp(),
  `data_aggiornamento` timestamp NULL DEFAULT current_timestamp() ON UPDATE current_timestamp(),
  PRIMARY KEY (`id`),
  KEY `idx_societa_mese` (`societa_id`,`mese`),
  CONSTRAINT `produzione_ibfk_1` FOREIGN KEY (`societa_id`) REFERENCES `societa` (`id`) ON DELETE CASCADE
) ENGINE=InnoDB AUTO_INCREMENT=8 DEFAULT CHARSET=utf8mb4 COLLATE=utf8mb4_unicode_ci;

-- Struttura tabella: societa
DROP TABLE IF EXISTS `societa`;
CREATE TABLE `societa` (
  `id` int(11) NOT NULL AUTO_INCREMENT,
  `ragione_sociale` varchar(100) NOT NULL,
  `indirizzo` varchar(200) NOT NULL,
  `comune` varchar(50) NOT NULL,
  `provincia` varchar(10) NOT NULL,
  `cap` int(11) NOT NULL,
  `partita_iva` varchar(25) NOT NULL,
  `email` text NOT NULL,
  `telefono` varchar(10) NOT NULL,
  `username` varchar(255) NOT NULL,
  `password` text NOT NULL,
  `numero_bolla_inizio` int(11) DEFAULT 0,
  PRIMARY KEY (`id`)
) ENGINE=InnoDB AUTO_INCREMENT=4 DEFAULT CHARSET=utf8mb4 COLLATE=utf8mb4_general_ci;

-- Struttura tabella: bolle
DROP TABLE IF EXISTS `bolle`;
CREATE TABLE `bolle` (
  `id` int(11) NOT NULL AUTO_INCREMENT,
  `cliente_id` int(11) DEFAULT NULL,
  `data_creazione` datetime DEFAULT current_timestamp(),
  `stato` varchar(20) DEFAULT 'aperta',
  `numero` int(11) DEFAULT NULL,
  `data_chiusura` datetime DEFAULT NULL,
  `updated_at` datetime DEFAULT NULL,
  `societa_id` int(11) NOT NULL,
  `trasporto_cura` varchar(255) DEFAULT 'Destinatario',
  `porto` varchar(255) DEFAULT 'Assegnato',
  `note` text DEFAULT NULL,
  `colli_custom` varchar(50) DEFAULT NULL,
  `paia_custom` varchar(50) DEFAULT NULL,
  `data_creazione_personalizzata` date DEFAULT NULL,
  `causale` varchar(255) DEFAULT NULL,
  `aspetto_beni` varchar(255) DEFAULT NULL,
  PRIMARY KEY (`id`),
  KEY `cliente_id` (`cliente_id`),
  KEY `societa_id` (`societa_id`),
  CONSTRAINT `bolle_ibfk_1` FOREIGN KEY (`cliente_id`) REFERENCES `clienti` (`id`) ON DELETE SET NULL ON UPDATE CASCADE,
  CONSTRAINT `bolle_ibfk_2` FOREIGN KEY (`societa_id`) REFERENCES `societa` (`id`) ON DELETE CASCADE ON UPDATE CASCADE
) ENGINE=InnoDB AUTO_INCREMENT=188 DEFAULT CHARSET=utf8mb4 COLLATE=utf8mb4_general_ci;

-- Struttura tabella: prodotti
DROP TABLE IF EXISTS `prodotti`;
CREATE TABLE `prodotti` (
  `id` int(11) NOT NULL AUTO_INCREMENT,
  `codice` varchar(50) NOT NULL,
  `societa_id` int(11) NOT NULL,
  PRIMARY KEY (`id`),
  KEY `societa_id` (`societa_id`),
  CONSTRAINT `prodotti_ibfk_1` FOREIGN KEY (`societa_id`) REFERENCES `societa` (`id`) ON DELETE CASCADE ON UPDATE CASCADE
) ENGINE=InnoDB AUTO_INCREMENT=143 DEFAULT CHARSET=utf8mb4 COLLATE=utf8mb4_general_ci;

-- Struttura tabella: bolla_prodotti
DROP TABLE IF EXISTS `bolla_prodotti`;
CREATE TABLE `bolla_prodotti` (
  `id` int(11) NOT NULL AUTO_INCREMENT,
  `bolla_id` int(11) DEFAULT NULL,
  `prodotto_id` int(11) DEFAULT NULL,
  `quantita` int(11) DEFAULT NULL,
  `societa_id` int(11) NOT NULL,
  PRIMARY KEY (`id`),
  KEY `bolla_id` (`bolla_id`),
  KEY `prodotto_id` (`prodotto_id`),
  KEY `societa_id` (`societa_id`),
  CONSTRAINT `bolla_prodotti_ibfk_1` FOREIGN KEY (`bolla_id`) REFERENCES `bolle` (`id`),
  CONSTRAINT `bolla_prodotti_ibfk_2` FOREIGN KEY (`prodotto_id`) REFERENCES `prodotti` (`id`),
  CONSTRAINT `bolla_prodotti_ibfk_3` FOREIGN KEY (`societa_id`) REFERENCES `societa` (`id`) ON DELETE CASCADE ON UPDATE CASCADE
) ENGINE=InnoDB DEFAULT CHARSET=utf8mb4 COLLATE=utf8mb4_general_ci;

-- Struttura tabella: merce
DROP TABLE IF EXISTS `merce`;
CREATE TABLE `merce` (
  `id` int(11) NOT NULL AUTO_INCREMENT,
  `nome` varchar(255) NOT NULL,
  `quantita` int(11) NOT NULL,
  `societa_id` int(11) NOT NULL,
  PRIMARY KEY (`id`),
  KEY `societa_id` (`societa_id`),
  CONSTRAINT `merce_ibfk_1` FOREIGN KEY (`societa_id`) REFERENCES `societa` (`id`) ON DELETE CASCADE ON UPDATE CASCADE
) ENGINE=InnoDB AUTO_INCREMENT=8 DEFAULT CHARSET=utf8mb4 COLLATE=utf8mb4_general_ci;

-- Struttura tabella: presenze
DROP TABLE IF EXISTS `presenze`;
CREATE TABLE `presenze` (
  `id` int(11) NOT NULL AUTO_INCREMENT,
  `dipendente_id` int(11) NOT NULL,
  `societa_id` int(11) NOT NULL,
  `data` date NOT NULL,
  `tipo` enum('entrata','uscita') NOT NULL,
  `ora` time NOT NULL,
  `note` text DEFAULT NULL,
  `created_at` datetime DEFAULT current_timestamp(),
  PRIMARY KEY (`id`),
  KEY `dipendente_id` (`dipendente_id`),
  KEY `societa_id` (`societa_id`),
  KEY `data` (`data`),
  CONSTRAINT `presenze_ibfk_1` FOREIGN KEY (`dipendente_id`) REFERENCES `dipendenti` (`id`) ON DELETE CASCADE,
  CONSTRAINT `presenze_ibfk_2` FOREIGN KEY (`societa_id`) REFERENCES `societa` (`id`) ON DELETE CASCADE
) ENGINE=InnoDB AUTO_INCREMENT=22 DEFAULT CHARSET=utf8mb4 COLLATE=utf8mb4_general_ci;

-- ==========================================
-- DATI TABELLE
-- ==========================================

-- Dati tabella: clienti (TUTTI i dati - admin)
INSERT INTO `clienti` VALUES
(31, 'Sabatino', 'ghyj', 'PHONEPOP S.R.L', 'Via Napoli', 'Napoli', 'Na', 80121, 'VYDI', 'GHGFD', 'BL', 80127, 'IT56786363', 3),
(32, 'Manifattura Partenopea s.r.l.', NULL, 'Manifattura Partenopea s.r.l.', 'Via Volpicelli ,40 ', 'Arzano ', 'Napoli', 80022, 'Via Volpicelli ,40 ', 'Arzano ', 'Napoli', 80022, '08918561211', 1),
(33, 'Anima s.r.l.', NULL, 'Anima s.r.l.', 'Via Francesco Petrarca 20', 'Napoli', 'Napoli', 80123, 'Via Francesco Petrarca 20', 'Napoli', 'Napoli', 80123, '09246121215', 1),
(34, '', '', 'ANIMA. S.R.L.', 'VIA FRACESCO PETRARCA, 20', 'NAPOLI', 'NAPOLI', 80123, 'TRADE UNION SRLS', 'TEVEROLA', 'CASERTA', 81030, '09246121215', 1),
(35, '', '', 'Gimar s.r.l.', 'VIA PADRE MARIO VERGARA 222', 'FRATTAMAGGIORE', 'Napoli', 80027, 'VIA PADRE MARIO VERGARA', 'FRATTAMAGGIORE', 'Napoli', 80027, '08993371213', 1);

-- Dati tabella: dipendenti (TUTTI i dati - admin)
INSERT INTO `dipendenti` VALUES
(17, 'Mario', 'Rossi', 'RRMYRH63H73J920O', '2004-11-17 23:00:00', 'Viale Michelangelo, 87', 'Arzano', 80022, 'NA', 'Venditore', 'IT648479408734872', 3),
(18, 'Mario', 'Pellegrino', 'PLLNMR05F89UR930', '2005-02-20 23:00:00', 'Via Vincenzo Galoppo, 2', 'Arzano', 80022, 'NA', 'Strunz', 'IT49LUYRHBFOGHGJRJIRIEEO', 3),
(19, 'Sabatino', 'Cardillo', 'CRDSTN04L27F839U', '2004-07-26 22:00:00', 'Via Cupa Vicinale Dell''Arco', 'Napoli', 80144, 'NA', 'Cogliome', 'IT49U2839789108343892O389', 3),
(20, 'AMELIA ', 'BUONANNO', 'BNNMLA79L42F839G', '1979-07-01 22:00:00', 'VIA CUPA CASORIA 31', 'NAPOLI', 80144, 'NAPOLI', 'IMPIEGATA', '.', 1),
(21, 'MASSIMILIANO ', 'ESPOSITO', 'SPSMSM76E18F839T', '1979-05-17 23:00:00', 'VIA CUPA CASORIA 31', 'NAPOLI', 80144, 'NAPOLI', 'IMPIEGATO', '.', 1),
(22, 'SILVANA ', 'CHIANESE', 'CHNSVN66L60G309J', '1966-07-19 22:00:00', 'VIA TEVERE', 'MARANO', 0, 'NAPOLI', 'OPERAIA', '', 1),
(23, 'MARIA ', 'COPPOLA', 'CPPMRA69E61F839A', '1969-05-20 23:00:00', 'VIA STADERA 78', 'NAPOLI', 0, 'NAPOLI', 'OPERAIA', '', 1),
(24, 'CARMELA', 'CICCARELLI', 'CCCCML78T43F839L', '1978-12-02 23:00:00', 'VIALE GARIGLIANO 47', 'CASERTA', 0, 'CASERTA', 'OPERAIA', '', 1),
(25, 'GRAZIA ', 'DEL MONDO', 'DLMGRZ70L53A064U', '1970-07-12 22:00:00', 'VIA 1 TRAVERSA ARENA 13', 'NAPOLI', 0, '', 'OPERAIA', '', 1),
(26, 'CARMELA ', 'CARBONE', 'CRBCML86S55F839A', '1986-11-14 23:00:00', 'VIA CLANIO 33', 'CASERTA', 0, '', 'IMPIEGATA', '', 1),
(27, 'MARIANNA ', 'BARRA', 'BRRMNN76S57F839T', '1976-11-16 23:00:00', 'VIA ETNA 75', 'NAPOLI', 0, '', 'APPRENDISTA', '', 1);

-- Dati tabella: righe_bolla (TUTTI i dati - admin)
INSERT INTO `righe_bolla` VALUES
(108, 77, 58, 7, 'SCARPA 2229', 0, 1),
(109, 77, 59, 7, 'SCARPA 1600', 0, 1),
(110, 77, 58, 9, 'SCARPA 1564', 0, 1),
(111, 77, 58, 6, 'SCARPA 1203', 0, 1),
(112, 77, 56, 7, 'SCARPA 1996', 0, 1),
(113, 77, 56, 11, 'SCARPA 1613', 0, 1),
(114, 77, 57, 7, 'SCARPA 2513', 0, 1),
(115, 77, 56, 8, 'SCARPA 2984', 0, 1),
(131, 92, 64, 25, 'tom prep+messa in fod+rifrif da 74.134 a 74.153', 0, 1),
(132, 92, 64, 25, 'tom pre+messa in fod+rif 74.165', 0, 1),
(133, 92, 64, 26, 'tom prep+messa in fod+rif da 74.183 a 74.196', 0, 1),
(134, 92, 64, 19, 'tom prep+messa in fod+rif da 74.166 a 74.182', 0, 1),
(135, 93, 65, 7, 'SANDALO  B835', 0, 1),
(136, 93, 65, 8, 'SANDALO B834', 0, 1),
(137, 93, 70, 5, 'SANDALO B108', 0, 1),
(138, 93, 65, 9, 'SANDALO B416', 0, 1),
(139, 93, 65, 9, 'SANDALO B417', 0, 1),
(140, 93, 65, 9, 'SANDALO B418', 0, 1),
(141, 93, 71, 6, 'SANDALO 0148', 0, 1),
(142, 93, 71, 14, 'SANDALO 0149', 0, 1),
(143, 93, 71, 12, 'SANDALO 0145', 0, 1),
(144, 93, 71, 12, 'SANDALO 0146', 0, 1),
(145, 93, 71, 12, 'SANDALO 0151', 0, 1),
(146, 93, 71, 12, 'SANDALO 0150', 0, 1),
(147, 93, 71, 12, 'SANDALO 0147', 0, 1),
(148, 93, 71, 12, 'SANDALO 0144', 0, 1),
(149, 93, 71, 12, 'SANDALO 0152', 0, 1),
(167, 97, 72, 7, 'SCARPA 2909', 0, 1),
(168, 97, 72, 6, 'SCARPA 3284', 0, 1),
(169, 97, 72, 5, 'SCARPA 1114', 0, 1),
(170, 97, 73, 11, 'SCARPA 2420', 0, 1),
(171, 97, 56, 8, 'SCARPA 1003', 0, 1),
(172, 97, 56, 5, 'SCARPA 2019', 0, 1),
(173, 97, 56, 6, 'SCARPA 2012', 0, 1),
(174, 97, 73, 12, 'SCARPA 0560', 0, 1),
(175, 97, 73, 11, 'SCARPA 2419', 0, 1),
(178, 90, 74, 20, 'PREP TOM 74.294', 0, 1),
(179, 90, 75, 120, 'CUC SOTTOP DA 73.850 A 73.855', 0, 1),
(180, 90, 64, 113, 'SEGN+APP NYLON RIP', 0, 1),
(181, 90, 74, 20, 'PREP TOM 74.293', 0, 1),
(182, 90, 76, 54, 'PREP DOPO PIEGA DA 73.418 A 73.420', 0, 1),
(183, 90, 77, 60, 'TAGLIO TOM DA 74.499 A 74.504', 0, 1),
(184, 90, 77, 212, 'TAGLIO FOD DA 74.487 A 74.507', 0, 1),
(185, 90, 76, 108, 'TAGLIO FOD DA 74.029 A 74.034', 0, 1),
(186, 90, 79, 12, 'SEGN SOTTOP+SALP DA 74.121 A 74.123', 0, 1),
(187, 90, 80, 100, 'SEGN SOTTOP+SALP DA 74.268 A 74.271-73.395', 0, 1),
(189, 90, 81, 72, 'SEGN SOTTOP+SALP 74.154-74.155-74.110-74.111', 0, 1),
(190, 90, 82, 25, 'SEGN SOTTOP+SALP 72.671', 0, 1),
(191, 90, 80, 20, 'PREP CINTUR 73.395', 0, 1),
(192, 90, 81, 80, 'TAGLIO ELASTICO DA 74.202 A 74.205', 0, 1),
(193, 90, 75, 50, 'ACCESS SU TOM 73.868', 0, 1),
(194, 90, 77, 32, 'PREP PIEGH DA 74.487 A 74.489', 0, 1),
(195, 90, 75, 160, 'MESSA IN FOD+ACCESS 74.112-74.113-73.881-73.882-73.873-73.874-73.877-73.879', 0, 1),
(196, 90, 83, 3, 'PREP COMP RIP', 0, 1),
(197, 90, 74, 20, 'PREP TOM 74.292', 0, 1),
(198, 90, 75, 60, 'CUCI SOTTOP DA 73.847 A 73.849', 0, 1),
(243, 93, 88, 9, 'SANDALO 0012', 0, 1),
(244, 91, 74, 20, 'PREP TOM 74.295', 0, 1),
(245, 91, 75, 40, 'CUCI SOTTOP 73.856-73.870', 0, 1),
(246, 91, 75, 18, 'PREP COMP PIEGH 74.324', 0, 1),
(247, 91, 74, 20, 'PREP TOM  74.296', 0, 1),
(248, 91, 75, 120, 'CUC SOTTOP 73.694-73.872-73.876-73.871-73.877-73.869', 0, 1),
(249, 91, 77, 30, 'PREP PIEGH DA 74.490 A 74.492', 0, 1),
(250, 91, 76, 52, 'TAGLIO FOD DA 74.035 A 74.037', 0, 1),
(251, 91, 77, 60, 'TAGLIO FOD DA 74.508 A 74.513', 0, 1),
(252, 91, 77, 30, 'TAGLIO FOD DA 74.517 A 74.519', 0, 1),
(253, 91, 77, 30, 'TAGLIO FOD DA 74.569 A74.571', 0, 1),
(254, 91, 80, 120, 'SEGN SOTTOP+SALP DA 74.272 A 74.277', 0, 1),
(255, 91, 81, 160, 'SEGN SOTTOP+SALP SA 74.156 A 74.163', 0, 1),
(256, 91, 76, 54, 'PREP DOPO PIEGA DA 73.356 A 73.358', 0, 1),
(257, 91, 75, 130, 'ACCESS+MESSA IN FOD 73.880-74.118-74.115-74.117-73.865', 0, 1),
(258, 91, 80, 20, 'PREP CINTUR 74.268', 0, 1),
(259, 91, 77, 90, 'TAGLIO TOM DA 74.505 A 74.513', 0, 1),
(260, 91, 77, 30, 'TAGLIO TOM DA 74.517 A 74.519', 0, 1),
(261, 91, 75, 50, 'ACCESS SU TOM 74.040', 0, 1),
(262, 91, 75, 200, 'SEGN FOD DA 74.043 A 74.046', 0, 1),
(263, 91, 81, 120, 'TAGLIO ELASTICO DA 74.206 A 74.209-74.330-74.201', 0, 1),
(265, 116, 56, 7, 'SCARPA 1931', 0, 1),
(266, 116, 56, 6, 'SCARPA 1499', 0, 1),
(267, 116, 56, 6, 'SCARPA 2025', 0, 1),
(268, 116, 56, 6, 'SCARPA 3024', 0, 1),
(269, 116, 56, 5, 'SCARPA 2009', 0, 1),
(270, 116, 56, 13, 'SCARPA 0783', 0, 1),
(271, 116, 72, 11, 'SCARPA 3236', 0, 1),
(272, 116, 89, 5, 'SCARPA 1686', 0, 1),
(273, 116, 89, 7, 'SCARPA 2797', 0, 1),
(274, 116, 89, 6, 'SCARPA 3045', 0, 1),
(276, 118, 71, 8, 'SANDALO A924', 0, 1),
(277, 118, 71, 8, 'SANDALO 0284', 0, 1),
(278, 118, 88, 8, 'SANDALO B406', 0, 1),
(281, 118, 71, 7, 'SANDALO B113', 0, 1),
(282, 118, 65, 8, 'SANDALO B716', 0, 1),
(283, 118, 90, 9, 'SANDALO A851', 0, 1),
(284, 118, 91, 12, 'SANDALO C172', 0, 1),
(285, 118, 91, 12, 'SANDALO C171', 0, 1),
(286, 118, 91, 8, 'SANDALO B552', 0, 1),
(287, 118, 91, 8, 'SANDALO B413', 0, 1),
(288, 118, 91, 7, 'SANDALO A981', 0, 1),
(289, 118, 91, 5, 'SANDALO B414', 0, 1),
(290, 120, 57, 6, 'SCARPA 2080', 0, 1),
(291, 120, 92, 8, 'SCARPA 0779', 0, 1),
(292, 120, 93, 8, 'SCARPA 2144', 0, 1),
(293, 120, 93, 8, 'SCARPA 2143', 0, 1),
(294, 120, 94, 9, 'SCARPA 1578', 0, 1),
(295, 120, 89, 20, 'SCARPA 0231', 0, 1),
(296, 120, 89, 5, 'SCARPA 1680', 0, 1),
(297, 118, 71, 14, 'SANDALO B120', 0, 1),
(298, 121, 71, 1, 'SANDALO 0140', 0, 1),
(299, 121, 71, 1, 'SANDALO 0141', 0, 1),
(306, 115, 75, 120, 'CUC SOTTOP DA 73.880 A 73.882-73.874-74.112-74.113', 0, 1),
(307, 115, 77, 30, 'PREP PIEGH DA 74.493 A 74.495', 0, 1),
(308, 115, 75, 80, 'CUC SOTTOP 73.878-73.879-73.873-73.875', 0, 1),
(309, 115, 75, 50, 'ACCESS SU TOM 74.041', 0, 1),
(310, 115, 74, 140, 'SEGN SOTTOP+SALP DA 74.291 A 74.297', 0, 1),
(311, 115, 76, 54, 'PREP DOPO PIEGA DA 73.498 A 73.500', 0, 1),
(312, 115, 95, 21, 'MESSA BORDINO 74.065', 0, 1),
(313, 115, 77, 120, 'TAGLIO TOMAIA DA 74.569 A 74.580', 0, 1),
(314, 115, 75, 200, 'SEGN FODERA DA 74.047 A 74.049-74.370', 0, 1),
(315, 115, 96, 50, 'TAGLIO MIGNON+SEGN 73.843-73.844', 0, 1),
(316, 115, 81, 100, 'SEGN SOTTOP+SALP DA 74.200 A 74.203-74.164', 0, 1),
(317, 115, 81, 88, 'TAGLIO ELASTICO DA 74.331 A 74.335', 0, 1),
(318, 115, 75, 52, 'MESSA IN FOD+ACCESS 74.119-74.314-74.316', 0, 1),
(319, 115, 75, 60, 'MESSA IN FOD+ACCESS 74.116-74.120-74.315', 0, 1),
(320, 115, 77, 120, 'TAGLIO FOD DA 74.572 A 74.583', 0, 1),
(321, 115, 64, 51, 'CAPI TIR SOTTOP+STR SOT 73.197 DA 74.183 A 74.196', 0, 1),
(323, 131, 90, 8, 'SANDALO A034', 0, 1),
(324, 131, 90, 8, 'A033', 0, 1),
(325, 131, 91, 8, 'SANDALO B794', 0, 1),
(326, 131, 91, 8, 'B792', 0, 1),
(327, 131, 91, 6, 'SANDALO A999', 0, 1),
(328, 131, 71, 9, 'SANDALO 0014', 0, 1),
(329, 132, 56, 8, 'SCARPA 1004', 0, 1),
(330, 132, 56, 6, 'SCARPA 2651', 0, 1),
(331, 132, 56, 6, 'SCARPA 2621', 0, 1),
(332, 132, 56, 8, 'SCARPA 1783', 0, 1),
(333, 132, 97, 12, 'SCARPA 2995', 0, 1),
(334, 132, 97, 9, 'SCARPA 0968', 0, 1),
(335, 132, 97, 7, 'SCARPA 2226', 0, 1),
(336, 132, 97, 6, 'SCARPA 2569', 0, 1),
(337, 133, 98, 114, 'FOD E TOM NON TAGLIATE RESO NON LAVORATO DA 74.774 A 74.787-74.799, RIF VST DDT 125-126 DEL 13/01/26', 0, 1),
(338, 117, 77, 30, 'PREP COMP PIEGH DA 74.499 A 74.501', 0, 1),
(339, 117, 74, 20, 'PREP TOM 74.297', 0, 1),
(340, 117, 75, 100, 'CUCI SOTTOP 74.315-74.314-74.118-74.120-74.114', 0, 1),
(341, 117, 77, 30, 'PREP PIEGH DA 74.496 A 74.498', 0, 1),
(342, 117, 77, 120, 'TAGLIO TOM DA 74.581 A 74.592', 0, 1),
(343, 117, 77, 120, 'TAGLIO FOD DA 74.584 A 74.595', 0, 1),
(344, 117, 75, 250, 'SEGN FOD DA 74.371 A 74.375', 0, 1),
(345, 117, 74, 100, 'SEGN SOTTOP+SALP DA 74.298 A 74.302', 0, 1),
(346, 117, 81, 40, 'SEGN SOTTOP+SALP 74.204-74.205', 0, 1),
(347, 117, 75, 50, 'ACCESS SU TOM 74.042', 0, 1),
(348, 117, 75, 130, 'MESSA IN FOD+ACCESS DA 74.317 A 74.321-74.323-74.324', 0, 1),
(349, 117, 75, 40, 'CUCI SOTTOP 74.115-74.117', 0, 1),
(350, 134, 56, 13, 'SCARPA 0784', 0, 1),
(351, 134, 97, 8, 'SCARPA 3102', 0, 1),
(352, 134, 97, 8, 'SCARPA 3162', 0, 1),
(353, 134, 97, 9, 'SCARPA 0434', 0, 1),
(354, 134, 97, 6, 'SCARPA 2568', 0, 1),
(355, 134, 97, 8, 'SCARPA 0247', 0, 1),
(356, 134, 97, 10, 'SCARPA 2347', 0, 1),
(357, 134, 97, 6, 'SCARPA 1330', 0, 1),
(358, 134, 97, 1, 'SCARPA 3137', 0, 1),
(359, 134, 99, 5, 'SCARPA 3191', 0, 1),
(360, 134, 100, 5, 'SCARPA 3187', 0, 1),
(361, 134, 101, 7, 'SCARPA 3186', 0, 1),
(363, 136, 64, 100, 'TOM PREP+MESSA IN FOD+RIF 73.220-73.222-73.223-73.224', 0, 1),
(364, 136, 85, 46, 'TOM PREP+MESSA IN FOD+RIF 72.995-73.472', 0, 1),
(365, 130, 81, 80, 'SEGN SOTTOP+SALP DA 74.206 A 74.209', 0, 1),
(366, 130, 80, 39, 'SEGN SOTTOP+SALP 74.278-74.279', 0, 1),
(367, 130, 75, 435, 'SEGN FOD DA 74.376 A 74.384', 0, 1),
(368, 130, 77, 120, 'TAGLIO FOD DA 74.652 A 74.660-DA 74.596 A 74.598', 0, 1),
(369, 130, 77, 120, 'TAGLIO TOM DA 74.652 A 74.657-DA 74.593 A 74.598', 0, 1),
(370, 130, 87, 129, 'STACO LING DA 74.885 A 74.895', 0, 1),
(371, 130, 102, 2, 'STACCO LING 74.873', 0, 1),
(372, 130, 75, 50, 'ACCESS SU TOM 74.044', 0, 1),
(373, 130, 75, 150, 'MESSA IN FOD+ACCESS 74.046-74.048-73.867', 0, 1),
(374, 130, 76, 54, 'PREP DOPO PIEGA DA 73.504 A 73.506', 0, 1),
(375, 130, 64, 61, 'ETICH SOTTOP DA 74.830 A 74.872', 0, 1),
(376, 130, 75, 95, 'CUCI SOTTOP DA 74.316 A 74.320', 0, 1),
(377, 130, 74, 20, 'PREP TOM 74.298', 0, 1),
(378, 130, 75, 40, 'CUCI SOTTOP 74.116-74.119', 0, 1),
(379, 130, 77, 30, 'PREP PIEGHE DA 74.502 A 74.504', 0, 1),
(381, 138, 91, 7, 'SANDALO A979', 0, 1),
(382, 138, 91, 2, 'SANDALO B643', 0, 1),
(383, 138, 91, 8, 'SANDALO A978', 0, 1),
(384, 138, 90, 5, 'SANDALO C024', 0, 1),
(385, 138, 90, 9, 'SANDALO B705', 0, 1),
(386, 138, 91, 12, 'SANDALO C170', 0, 1),
(387, 138, 91, 12, 'SANDALO C169', 0, 1),
(388, 138, 91, 9, 'SANDALO B704', 0, 1),
(389, 138, 91, 8, 'SANDALO B650', 0, 1),
(390, 138, 71, 12, 'SANDALO 0153', 0, 1),
(391, 139, 72, 36, 'SCARPA 1813', 0, 1),
(392, 139, 103, 5, 'SCARPA 2903', 0, 1),
(393, 139, 92, 5, 'SCARPA 2843', 0, 1),
(394, 139, 104, 9, 'SCARPA 0437', 0, 1),
(395, 139, 97, 6, 'SCARPA 2728', 0, 1),
(396, 139, 97, 8, 'SCARPA 0246', 0, 1),
(397, 139, 97, 6, 'SCARPA 1331', 0, 1),
(398, 139, 97, 5, 'SCARPA 1504', 0, 1),
(399, 139, 55, 4, 'SCARPA 2839', 0, 1),
(400, 139, 58, 7, 'SCARPA 2188', 0, 1),
(401, 139, 105, 5, 'SCARPA 1278', 0, 1),
(402, 140, 64, 122, 'TOM E FOD PREP+MESSA IN FOD+RIF 73.195-73.196- 73.225-73.226-73.227 ', 0, 1),
(403, 135, 64, 37, 'CAPI TIRATI SOTTOP+STR SOTTO DA 74.830 A 74.857', 0, 1),
(404, 135, 75, 100, 'MESSA IN FOD+ACCESS 74.045-74.047', 0, 1),
(405, 135, 74, 20, 'PREP TOM 74.300', 0, 1),
(406, 135, 106, 8, 'PREP COMP RIP PIEGHETTE', 0, 1),
(407, 135, 74, 20, 'PREP TOM 74.299', 0, 1),
(408, 135, 77, 30, 'PREP COMPL PIEGH DA 74.511 A 74.513', 0, 1),
(409, 135, 75, 72, 'CUCI SOTTOP DA 74.321 A 74.324', 0, 1),
(410, 135, 75, 1, 'PREP COMPL  PIEGH RIP', 0, 1),
(411, 135, 81, 108, 'SEGN SOTTOP+SALP DA 74.330 A 74.335', 0, 1),
(412, 135, 80, 16, 'SEGN SOTTOP+SALP 74.280', 0, 1),
(413, 135, 80, 20, 'PREP CINTUR 74.272', 0, 1),
(414, 135, 77, 120, 'TAGLIO TOM DA 74.658 A 74.669', 0, 1),
(415, 135, 77, 120, 'TAGLIO FOD DA 74.661 A 74.672', 0, 1),
(416, 135, 76, 28, 'TAGLIO FOD 74.038-74.039', 0, 1),
(417, 135, 75, 50, 'ACCESS SU TOM 74.049', 0, 1),
(418, 135, 77, 30, 'PREP PIEGHE DA 74.505 A 74.507', 0, 1),
(419, 135, 76, 54, 'PREP E PIEGA STANGHETTE 74.026 A 74.028', 0, 1),
(420, 135, 76, 35, 'PREP RETE DA 74.026 A 74.028', 0, 1),
(421, 135, 76, 33, 'PREP DOPO PIEGA 73.507-73.508', 0, 1),
(423, 142, 107, 10, 'SCARPA 0278', 0, 1),
(424, 142, 97, 7, 'SCARPA 2727', 0, 1),
(425, 142, 97, 12, 'SCARPA 2994', 0, 1),
(426, 142, 97, 8, 'SCARPA 1049', 0, 1),
(427, 142, 107, 6, 'SCARPA 1403', 0, 1),
(428, 142, 97, 10, 'SCARPA 2346', 0, 1),
(429, 142, 72, 36, '1814', 0, 1),
(430, 143, 64, 50, 'TOM PREP+MESSA IN FOD+RIF 73.197-73.198', 0, 1),
(431, 143, 64, 25, 'TOM PREP+ MESSA IN FOD+RIF DA 74.833 A 74.852', 0, 1),
(432, 143, 64, 4, 'TOM PREP+MESSA IN FOD +RIF EA 74.830 A 74.832', 0, 1),
(433, 143, 64, 9, 'TOM PREP+MESSA IN FOD+RIF DA 74.858 A 75.863', 0, 1),
(434, 143, 64, 1, 'TOM PREP +MESSA IN FOD+RIF 74.864', 0, 1),
(435, 144, 91, 7, 'SANDALO A977', 0, 1),
(436, 144, 65, 8, 'SANDALO B715', 0, 1),
(437, 144, 91, 6, 'SANDALO A937', 0, 1),
(438, 144, 108, 6, 'SANDALO B073', 0, 1),
(439, 144, 91, 8, 'SANDALO B612', 0, 1),
(440, 144, 91, 8, 'SANDALO A976', 0, 1),
(441, 144, 91, 8, 'SANDALO B864', 0, 1),
(442, 144, 91, 8, 'SANDALO B649', 0, 1),
(443, 144, 109, 8, 'SANDALO B790', 0, 1),
(444, 143, 64, 4, 'TOM PREP+MESSA IN FOD+RIF DA 74.869 A 74.872', 0, 1),
(445, 143, 64, 8, 'TOM PREP+MESSA IN FOD+RIF DA 74.853 A 74.857', 0, 1),
(446, 143, 64, 10, 'TOM PREP+MESSA IN FOD+RIF DA 74.865 A 74.868', 0, 1),
(447, 130, 76, 33, 'PREP STANGH E PIEGA 73.507-73.508', 0, 1),
(451, 148, 54, 1, '', 0, 3),
(452, 149, 54, 1, '', 0, 3),
(455, 152, 110, 8, 'SCARPA 0804', 0, 1),
(456, 152, 72, 9, 'SCARPA 3154', 0, 1),
(457, 152, 110, 8, 'SCARPA 1787', 0, 1),
(458, 152, 110, 15, 'SCARPA 0395', 0, 1),
(459, 137, 77, 30, 'PREP PIEGHE DA 74.508 A 74.510', 0, 1),
(460, 137, 74, 20, 'PREP TOMAIE 74.301', 0, 1),
(461, 137, 64, 61, 'TAGLIO MIGNON DA 74.830 A 74..872', 0, 1),
(462, 137, 75, 100, 'MESSA IN FOD+ACCESS 74.376-74.377', 0, 1),
(463, 137, 106, 100, 'TAGLIO FOD DA 74.920 A 74.924', 0, 1),
(464, 137, 77, 120, 'TAGLIO FOD DA 74.673 A 74.684', 0, 1),
(465, 137, 77, 120, 'TAGLIO TOM DA 74.670 A 74.681', 0, 1),
(466, 137, 80, 20, 'PREP CINT 74.273', 0, 1),
(467, 137, 75, 188, 'SEGN FOD DA 74.385 A 74.388', 0, 1),
(468, 137, 76, 54, 'PREP DOPO PIEGA DA 74.029 A 74.031', 0, 1),
(469, 137, 75, 50, 'ACCESS SU TOM 74.373', 0, 1),
(470, 137, 111, 103, 'SEGN SOTTOP+SALP DA 74.325 A 74.329', 0, 1),
(471, 137, 79, 100, 'SEGN SOTTOP+SALP DA 74.124 A 74.133', 0, 1),
(472, 137, 74, 40, 'PREP TOM 74.302-74.303', 0, 1),
(473, 153, 112, 12, 'SANDALO C162', 0, 1),
(474, 153, 70, 6, 'SANDALO C960', 0, 1),
(475, 153, 90, 7, 'SANDALO A959', 0, 1),
(476, 153, 109, 8, 'SANDALO B791', 0, 1),
(477, 153, 90, 10, 'SANDALO B550', 0, 1),
(478, 153, 90, 9, 'SANDALO B551', 0, 1),
(479, 153, 112, 12, 'SANDALO C166', 0, 1),
(480, 153, 91, 8, 'SANDALO B793', 0, 1),
(481, 153, 91, 8, 'SANDALO B611', 0, 1),
(482, 153, 108, 8, 'SANDALO B647', 0, 1),
(483, 153, 71, 5, 'SANDALO C807', 0, 1),
(484, 153, 71, 5, 'SANDALO C806', 0, 1),
(485, 153, 71, 9, 'SANDALO B106', 0, 1),
(486, 153, 108, 6, 'SANDALO B072', 0, 1),
(487, 153, 71, 12, 'SANDALO C176', 0, 1),
(488, 154, 64, 84, 'PREP TOM+MESSA IN FOD+RIF DA 73.228 A 73.231', 0, 1),
(489, 141, 77, 30, 'PREP PIEGH DA 74.569 A 74.571', 0, 1),
(490, 141, 74, 20, 'PREP TOM 74.304', 0, 1),
(491, 141, 83, 5, 'PREP COMP RIP ', 0, 1),
(492, 141, 75, 50, 'ACCESS SU TOM 74.043', 0, 1),
(493, 141, 80, 20, 'PREP CINT 74.274', 0, 1),
(494, 141, 113, 20, 'SEGN SOTTOP+SALP 74.435', 0, 1),
(495, 141, 74, 140, 'SEGN SOTTOP+SALP DA 74.303 A 74.309', 0, 1),
(496, 141, 75, 100, 'MESSA IN FOD+ACCESS 74.372-74.375', 0, 1),
(497, 141, 77, 120, 'TAGLIO TOM DA 74.682 A 74.693', 0, 1),
(498, 141, 75, 227, 'SEGN FOD D 74.389 A 74.394', 0, 1),
(499, 141, 106, 100, 'TAGLIO FOD DA 74.925 A 74.929', 0, 1),
(500, 141, 77, 120, 'TAGLIO FOD DA 74.685 A 74.696', 0, 1),
(501, 150, 77, 30, 'PREP COMPL PIEGH DA 74.517 A 74.519', 0, 1),
(502, 150, 74, 40, 'PREP TOM 74.307-74.308', 0, 1),
(503, 150, 64, 24, 'CAPI TIR SOTTOP+STRIS SOTTO DA 74.858 A 74.872', 0, 1),
(504, 150, 74, 40, 'PREP TOM 74.305-74.306', 0, 1),
(505, 150, 77, 30, 'PREP PIEGH DA 74.572 A 74.574', 0, 1),
(506, 150, 75, 100, 'MESSA IN FOD+ACCESS 74.374-74.378', 0, 1),
(507, 150, 75, 50, 'ACCESS SU TOM 74.379', 0, 1),
(508, 150, 80, 20, 'PREP CINT 74.275', 0, 1),
(509, 150, 77, 100, 'TAGLIO TOM DA 74.694 A 74.703', 0, 1),
(510, 150, 80, 12, 'SEGN SOTTOP+SALP 74.281', 0, 1),
(511, 150, 113, 20, 'SEGN SOTTOP+SALP 74.436', 0, 1),
(512, 150, 74, 30, 'SEGN SOTTOP+SALP 74.312-74.313', 0, 1),
(513, 150, 77, 120, 'SEG FOD DA 74.673 A 74.684', 0, 1),
(514, 150, 106, 100, 'SEGN FOD DA 74.920 A 74.924', 0, 1),
(515, 150, 106, 100, 'TAGLIO FOD DA 75.001 A 75.005', 0, 1),
(516, 150, 77, 110, 'TAGLIO FOD DA 74.697 A 74.707', 0, 1),
(517, 150, 87, 16, 'STACCO LING 75.029', 0, 1),
(519, 156, 107, 6, 'SCARPA 2850', 0, 1),
(520, 156, 107, 5, 'SCARPA 3220', 0, 1),
(521, 156, 107, 10, 'SCARPA 1736', 0, 1),
(522, 156, 107, 6, 'SCARPA 1820', 0, 1),
(523, 156, 107, 6, 'SCARPA 1219', 0, 1),
(524, 156, 107, 8, 'SCARPA 0324', 0, 1),
(525, 156, 56, 8, 'SCARPA 0926', 0, 1),
(527, 158, 114, 6, 'SCARPA 2648', 0, 1),
(528, 158, 115, 6, 'SCARPA 2785', 0, 1),
(529, 158, 114, 6, 'SCARPA 1652', 0, 1),
(530, 158, 72, 6, 'SCARPA 1713', 0, 1),
(531, 158, 72, 6, 'SCARPA 3340', 0, 1),
(532, 158, 72, 6, 'SCARPA 3006', 0, 1),
(533, 158, 116, 15, 'SCARPA 0397', 0, 1),
(534, 158, 97, 8, 'SCARPA 0448', 0, 1),
(535, 158, 107, 10, 'SCARPA 1737', 0, 1),
(536, 158, 117, 6, 'SCARPA 3139', 0, 1),
(537, 158, 97, 8, 'SCARPA 2633', 0, 1),
(538, 158, 110, 16, 'SCARPA 0396', 0, 1),
(539, 158, 107, 12, 'SCARPA 2542', 0, 1),
(541, 151, 74, 20, 'PREP TOMA 74.309', 0, 1),
(542, 151, 64, 64, 'PIEGA FINIM +MESSA GANCI DA 73.228 A 73.230', 0, 1),
(543, 151, 77, 60, 'PREP PIEGH DA 74.575 A 74.580', 0, 1),
(544, 151, 77, 161, 'TAGLIO TOM DA 75.069 A 75.080-DA 74.704 A 74.707-75.068', 0, 1),
(545, 151, 77, 110, 'SEGN FOD DA 74.697 A 74.707', 0, 1),
(546, 151, 106, 100, 'SEGN FOD DA 75.001 A 75.005', 0, 1),
(547, 151, 77, 120, 'SEGN FOD DA 74.685 A 74.696', 0, 1),
(548, 151, 106, 100, 'SEGN FOD DA 74.925 A 74.929', 0, 1),
(549, 151, 113, 60, 'SEGN SOTTOP+SALP 74.434-74.437-74.438', 0, 1),
(550, 151, 75, 188, 'MESSA IN FOD+ACCESS 74.380-74.381-74.382-74.384', 0, 1),
(551, 151, 80, 40, 'PREP CINT 74.276-74.277', 0, 1),
(552, 151, 75, 94, 'ACCESS SU TOM 74.383-74.385', 0, 1),
(553, 160, 90, 9, 'SANDALO A950', 0, 1),
(554, 160, 90, 8, 'SANDALO B408', 0, 1),
(555, 160, 88, 5, 'SANDALO C809', 0, 1),
(556, 160, 88, 5, 'SANDALO C808', 0, 1),
(557, 160, 91, 8, 'SANDALO D101', 0, 1),
(558, 160, 91, 10, 'SANDALO D453', 0, 1),
(559, 160, 90, 8, 'SANDALO A069', 0, 1),
(560, 160, 90, 9, 'SANDALO A850', 0, 1),
(561, 160, 90, 8, 'SANDALO A862', 0, 1),
(562, 160, 90, 6, 'SANDALO A863', 0, 1),
(563, 160, 112, 12, 'SANDALO C165', 0, 1),
(564, 160, 112, 12, 'SANDALO C163', 0, 1),
(565, 160, 112, 12, 'SANDALO C164', 0, 1),
(566, 160, 90, 8, 'SANDALO B863', 0, 1),
(567, 160, 70, 8, 'SANDALO D063', 0, 1),
(568, 162, 64, 25, 'TOM PREP+MESSA IN FOD+RIF 73.199', 0, 1),
(570, 164, 107, 6, 'SCARPA 1816', 0, 1),
(571, 164, 107, 6, 'SCARPAS 1818', 0, 1),
(572, 164, 55, 7, 'SCARPA 1854', 0, 1),
(573, 164, 107, 5, 'SCARPA 2620', 0, 1),
(574, 164, 107, 12, 'SCARPA 2543', 0, 1),
(575, 164, 107, 6, 'SCARPA 1817', 0, 1),
(576, 164, 114, 6, 'SCARPA 2784', 0, 1),
(577, 164, 114, 5, 'SCARPA 3054', 0, 1),
(578, 164, 120, 6, 'SCARPA 3052', 0, 1),
(579, 164, 110, 7, 'SCARPA 1294', 0, 1),
(580, 164, 121, 6, 'SCARPA 1408', 0, 1),
(581, 164, 93, 6, 'SCARPA 0717', 0, 1),
(582, 164, 120, 6, 'SCARPA 1177', 0, 1),
(583, 164, 55, 6, 'SCARPA 1928', 0, 1),
(584, 164, 55, 6, 'SCARPA 2553', 0, 1),
(585, 164, 55, 7, 'SCARPA 1309', 0, 1),
(586, 164, 107, 6, 'SCARPA 1221', 0, 1),
(587, 164, 107, 6, 'SCARPA 1426', 0, 1),
(588, 165, 91, 10, 'sandalo 0316', 0, 1),
(589, 165, 71, 7, ' sandalo d070', 0, 1),
(590, 165, 71, 7, 'sandalo 0283', 0, 1),
(591, 165, 65, 8, 'sandalo b825', 0, 1),
(592, 165, 88, 8, 'sandalo b128', 0, 1),
(593, 165, 91, 9, 'sandalo a949', 0, 1),
(595, 167, 107, 6, 'SCARPA 2164', 0, 1),
(596, 167, 107, 4, 'SCARPA 2574', 0, 1),
(597, 167, 107, 11, 'SCARPA 3103', 0, 1),
(598, 167, 122, 6, 'SCARPA 0455', 0, 1),
(599, 167, 122, 6, 'SCARPA 2467', 0, 1),
(600, 167, 122, 9, 'SCARPA 2597', 0, 1),
(601, 167, 93, 6, 'SCARPA 1301', 0, 1),
(602, 155, 77, 30, 'CUCI SOTTOP 74.517-74.518-74.519', 0, 1),
(603, 155, 77, 30, 'PREP COMP PIEGH DA 74.658 A 74.660', 0, 1),
(604, 155, 74, 35, 'PREP TOM 74.311-74.313', 0, 1),
(605, 155, 77, 30, 'PREP PIEGH DA 74.581 A 74.583', 0, 1),
(606, 155, 74, 20, 'PREP TOM 74.310', 0, 1),
(607, 155, 77, 30, 'ACCESS SU TOM DA 74.575 A 74.577', 0, 1),
(608, 155, 75, 47, 'ACCESS SU TOM 74.388', 0, 1),
(609, 155, 64, 20, 'PIEGA FINIM +MESSA GANCI 73.231', 0, 1),
(610, 155, 77, 60, 'MESSA IN FOD+ACCESS DA 74.511 A 74.513-DA 74.572 A 74.574', 0, 1),
(611, 155, 75, 94, 'MESSA IN FOD+ACCESS 74.390-74.386', 0, 1),
(612, 155, 106, 60, 'TAGLIO FOD DA 75.006 A 75.008', 0, 1),
(613, 155, 77, 121, 'TAGLIO FOD DA 75.068 A 75.080', 0, 1),
(614, 155, 77, 120, 'TAGLIO TOM DA 75.081 A 75.092', 0, 1),
(615, 159, 77, 2, 'PREP COMP PIEGH RIP ', 0, 1),
(616, 159, 77, 30, 'PREP PIEGH DA 74.673 A 74.675', 0, 1),
(617, 159, 75, 47, 'MESSA IN FOD+ACCESS 74.387', 0, 1),
(618, 159, 77, 90, 'MESSA IN FOD+ACCESS DA 74.578 A 74.580-DA 74.593 A 74.598', 0, 1),
(619, 159, 77, 60, 'ACCESS SU TOM DA 74.590 A 74.592-DA 74.581 A 74.583', 0, 1),
(620, 159, 123, 60, 'SEGN DECOLTE'' + PATTA DA 74.057 A 74.059', 0, 1),
(621, 159, 124, 54, 'SEGN TOM+TAGLIO FILETTO DA 75.117 A 75.119', 0, 1),
(622, 159, 86, 141, 'SEGN SOTTOP+SALP DA 73.834 A 73..837', 0, 1),
(623, 159, 77, 108, 'TAGLIO TOM DA 75.201 A 75.203', 0, 1),
(624, 159, 77, 228, 'TAGLIO FOD DA 75.198 A 75.200- DA 75.081 A 75.092', 0, 1),
(625, 159, 87, 32, 'STACCO LING DA 75.223 A 75.227', 0, 1),
(626, 163, 77, 90, 'CUCI SOTTOP 74.667-74.668-74.670-74.671-74.672-74.674-74.679-74.680-74.681', 0, 1),
(627, 163, 77, 20, 'CUCI SOTTOP 74.673-74.675', 0, 1),
(628, 163, 77, 30, 'PREP COMP PIEGH DA 74.584 A 74.586', 0, 1),
(629, 163, 75, 1, 'PREP COMPL PIEGH RIP', 0, 1),
(630, 163, 77, 30, 'PREP PIEGH DA 74.676 A 74.678', 0, 1),
(631, 163, 77, 60, 'CUCI SOTTOP 74.665-74.570-DA 74.574 A 74.577', 0, 1),
(632, 163, 74, 15, 'PREP TOM 74.312', 0, 1),
(633, 163, 77, 60, 'CUCI SOTTOP 74.652-74.572-74.666-74.573-74.669-74.664', 0, 1),
(634, 163, 124, 72, 'SEGN+GRATTEGG ACCESS DA 75.118 A 75.121', 0, 1),
(635, 163, 64, 100, 'TAGLIO MIGNON 75.222-DA 75.195 a 75.197', 0, 1),
(636, 163, 96, 23, 'TAGLIO MIGNON +SEGN 73.588', 0, 1),
(637, 163, 124, 54, 'SEGN TOM+TAGLIO FILETTO DA 75.120 A 75.122', 0, 1),
(638, 163, 123, 72, 'SEGN DECOLTE+PATTA DA 74.912 A 74.914', 0, 1),
(639, 163, 77, 216, 'TAGLIO FOD DA 75.201 A 75.205-75.212', 0, 1),
(640, 163, 125, 100, 'TAGLIO ELAST DA 75.126 A 75.129', 0, 1),
(641, 163, 77, 108, 'TAGLIO TOM DA 75.213 A 75.215', 0, 1),
(642, 163, 77, 121, 'SEGN FOD DA 75.068 A 75.080', 0, 1),
(643, 163, 106, 60, 'SEGN FOD DA 75.006 A 75.008', 0, 1),
(644, 163, 77, 60, 'ACCESS SU TOM DA 74.658 A 74.660-DA 74.673 A 74.675', 0, 1),
(645, 163, 75, 94, 'MESSA IN FOD+ACCESS 74.391-74.392', 0, 1),
(646, 163, 106, 40, 'MESSA IN FOD+ACCESS 74.920-74.921', 0, 1),
(647, 159, 77, 20, 'CUCI SOTTOP 74.569-74.571', 0, 1),
(648, 168, 90, 9, 'SANDALO D461', 0, 1),
(649, 168, 88, 8, 'SANDALO C784', 0, 1),
(650, 168, 88, 8, 'SANDALO C785', 0, 1),
(651, 168, 71, 8, 'SANDALO C783', 0, 1),
(652, 168, 71, 8, 'SANDALO C782', 0, 1),
(653, 168, 88, 8, 'SANDALO D066', 0, 1),
(654, 168, 90, 5, 'SANDALO C023', 0, 1),
(655, 169, 122, 6, 'SCARPA 2466', 0, 1),
(656, 169, 122, 6, 'SCARPA 2366', 0, 1),
(657, 169, 55, 5, 'SCARPA 3261', 0, 1),
(658, 169, 93, 8, 'SCARPA 1512', 0, 1),
(659, 169, 55, 6, 'SCARPA 2109', 0, 1),
(668, 172, 88, 9, 'SANDALO D067', 0, 1),
(669, 172, 70, 6, 'SANDALO C769', 0, 1),
(670, 172, 70, 8, 'SANDALO D064', 0, 1),
(671, 172, 70, 8, 'SANDALO C895', 0, 1),
(672, 172, 70, 8, 'SANDALO C899', 0, 1),
(673, 172, 70, 8, 'SANDALO C894', 0, 1),
(674, 172, 71, 6, 'SANDALO C779', 0, 1),
(675, 172, 71, 7, 'SANDALO C823', 0, 1),
(676, 172, 71, 6, 'SANDALO C693', 0, 1),
(677, 172, 71, 7, 'SANDALO C731', 0, 1),
(678, 172, 71, 6, 'SANDALO C729', 0, 1),
(679, 172, 71, 8, 'SANDALO C900', 0, 1),
(680, 172, 71, 6, 'SANDALO C695', 0, 1),
(681, 172, 71, 7, 'SANDALO C713', 0, 1),
(682, 172, 71, 7, 'SANDALO C820', 0, 1),
(683, 172, 71, 12, 'SANDALO C175', 0, 1),
(684, 172, 71, 7, 'SANDALO C069', 0, 1),
(686, 166, 87, 200, 'STACCO LINGUETTA DA 75.318 A 75.346', 0, 1),
(687, 166, 124, 105, 'SEGN TOM+TAGLIO FILETTO 75.144-DA 75.147 A75.151', 0, 1),
(688, 166, 77, 216, 'TAGLIO FOD D 75.213 A 75.218', 0, 1),
(689, 166, 77, 108, 'TAGLIO TOM DA 75.219 A 75.221', 0, 1),
(690, 166, 87, 96, 'STACCO LING DA 75.262 A 75.267', 0, 1),
(691, 166, 77, 60, 'ACCESS SU TOM DA 74.676 A 74.681', 0, 1),
(692, 166, 77, 228, 'SEGN FOD DA 75.081 A 75.092- DA 75.198 A 75.200', 0, 1),
(693, 166, 113, 100, 'SEGN SOTTOP+SALP DA 74.445 A 74.449', 0, 1),
(694, 166, 125, 100, 'TAGLIO ELASTICO DA 75.130 A 75.133', 0, 1),
(695, 166, 124, 90, 'SEGN +GRATTEGG ACCESS DA 75.122 A 75.125-75.138', 0, 1),
(696, 166, 106, 40, 'MESSA IN FOD+ACCESS 74.923-74.924', 0, 1),
(697, 166, 77, 120, 'MESSA IN FOD+ACCESS DA 74.655 A 74.657-DA 74.664 A 74.672', 0, 1),
(699, 166, 77, 30, 'PREP COMPL PIEGH DA 74.661 A 74.663', 0, 1),
(700, 166, 106, 1, 'PREP COMPL PIEGH RIP', 0, 1),
(701, 166, 75, 1, 'RIP PREP COMPL PIEGH', 0, 1),
(702, 166, 77, 30, 'CUCI SOTTOP DA 74.676 A 74.678', 0, 1),
(703, 166, 77, 216, 'TAGLIO FOD  DA 75.219 A 75.221-DA 75.285 A 75.287', 0, 1),
(704, 166, 87, 146, 'STACCO LING DA 75.268 A 75.284', 0, 1),
(705, 166, 77, 72, 'SEGN FOD 75.201-75.205', 0, 1),
(706, 166, 77, 40, 'PREP PIEGH DA 74.700 A 74.703', 0, 1),
(707, 166, 77, 360, 'SEGN FOD DA 75.202 A 75.204- DA 75.212 A 75.218', 0, 1),
(708, 166, 74, 40, 'RIFILO TOM 74.306-74.307', 0, 1),
(709, 166, 124, 18, 'INFILATURA TOM 75.122', 0, 1),
(711, 175, 64, 100, 'TOM PREP+MESSA IN FOD+RIF DA 75.195 A 75.197-75.222', 0, 1),
(713, 177, 71, 12, 'SANDALO C177', 0, 1),
(714, 177, 88, 7, 'SANDALO D068', 0, 1),
(715, 177, 71, 8, 'SANDALO C892', 0, 1),
(716, 177, 71, 7, 'SANDALO C711', 0, 1),
(717, 177, 88, 11, 'SANDALO C789', 0, 1),
(718, 177, 88, 5, 'SANDALO C780', 0, 1),
(719, 177, 71, 9, 'SANDALO C773', 0, 1),
(720, 177, 90, 8, 'SANDALO B002', 0, 1),
(721, 177, 88, 6, 'SANDALO C767', 0, 1),
(722, 177, 88, 6, 'SANDALO C910', 0, 1),
(723, 177, 88, 6, 'SANDALO C692', 0, 1),
(724, 177, 91, 6, 'SANDALO E224', 0, 1),
(725, 177, 71, 6, 'SANDAlO C768', 0, 1),
(726, 177, 91, 6, 'SANDALO E245', 0, 1),
(727, 173, 127, 100, 'CUCITURA COTONE 30 RIP', 0, 1),
(728, 173, 77, 30, 'PREP PIEGHE DA 75.081 A 75.083', 0, 1),
(729, 173, 77, 40, 'CUCI SOTTOP DA 74.682 A 74.685', 0, 1),
(730, 173, 77, 190, 'MESSA IN FOD+ACCESS DA 74.652 A 74.654-DA 74.661 A 74.663-DA 74.700 A 74.703-DA 74.682 A 74.684', 0, 1),
(731, 173, 106, 20, 'MESSA IN FOD+ACCESS 74.928', 0, 1),
(733, 173, 106, 20, 'ACCESS SU TOM 74.927', 0, 1),
(734, 173, 77, 30, 'ACCESS SU TOM DA 74.697 A 74.699', 0, 1),
(735, 173, 124, 36, 'INFILATURA TOM 75.139-75.141', 0, 1),
(736, 173, 124, 18, 'INFILATURA TOM 75.140', 0, 1),
(737, 173, 125, 98, 'TAGLIO ELASTICO DA 75.134 A 75.137', 0, 1),
(738, 173, 123, 94, 'SEGN DECOLTE'' + PATTA 75.009-75.010-74.918-74.919', 0, 1),
(739, 173, 77, 72, 'TAGLIO TOM 75.291-75.292', 0, 1),
(740, 173, 124, 87, 'SEGN + GRATTEGG ACCESS DA 75.139 A 75.143', 0, 1),
(741, 173, 113, 120, 'SEGN SOTTOP+SALP DA 74.439 A 74.444', 0, 1),
(742, 178, 101, 5, 'SCARPA 1026', 0, 1),
(743, 178, 104, 15, 'SCARPA 0967', 0, 1),
(744, 178, 101, 6, 'SCARPA 1044', 0, 1),
(745, 178, 128, 7, 'SCARPA 2957', 0, 1),
(746, 178, 128, 8, 'SCARPA 3157', 0, 1),
(747, 134, 129, 62, 'CAMPIONI STIVALI ORLATI+ PREGARBATI', 0, 1),
(748, 152, 129, 126, 'CAMPIONI ORLATI SCARPE ARTICOLI VARI', 0, 1),
(749, 158, 129, 31, 'CAMPIONI ORLATI TRONCHETTI', 0, 1),
(751, 180, 55, 6, 'SCARPA 0478', 0, 1),
(752, 180, 55, 9, 'SCARPA 0508', 0, 1),
(753, 180, 130, 7, 'SCARPA 3388', 0, 1),
(754, 180, 130, 7, 'SCARPA 3387', 0, 1),
(755, 180, 107, 7, 'SCARPA 2857', 0, 1),
(756, 180, 107, 7, 'SCARPA 1467', 0, 1),
(757, 180, 107, 9, 'SCARPA 0686', 0, 1),
(758, 180, 107, 6, 'SCARPA 1580', 0, 1),
(759, 180, 107, 6, 'SCARPA 2370', 0, 1),
(760, 180, 107, 6, 'SCARPA 0972', 0, 1),
(761, 180, 131, 7, 'SCARPA 1979', 0, 1),
(762, 180, 117, 8, 'SCARPA 1989', 0, 1),
(763, 180, 101, 5, 'SCARPA 3204', 0, 1),
(764, 180, 101, 5, 'SCARPA 3205', 0, 1),
(765, 180, 101, 6, 'SCARPA 1027', 0, 1),
(766, 166, 123, 72, 'SEGN DECOLTE'' + PATTA DA 74.915 A 74.917', 0, 1),
(767, 181, 88, 11, 'SANDALO C790', 0, 1),
(768, 181, 90, 10, 'SANDALO D462', 0, 1),
(769, 181, 71, 7, 'SANDALO C821', 0, 1),
(770, 181, 65, 8, 'SANDALO D518', 0, 1),
(771, 181, 132, 9, 'SANDALO A965', 0, 1),
(772, 174, 133, 36, 'PREP TOM+PREP E CUCITURA FODERA 74.753', 0, 1),
(773, 174, 77, 30, 'PREP PIEGH DA 75.084 A 75.086', 0, 1),
(774, 174, 77, 108, 'TAGLIO TOM 75.293-75.383-75.382', 0, 1),
(775, 174, 77, 216, 'TAGLIO FOD DA 75.288 A 75.293', 0, 1),
(776, 174, 124, 54, 'SEGN TOM+TAGLIO FILETTO DA 75.154 A 75.156', 0, 1),
(777, 174, 113, 40, 'SEGN SOTTOP+SALP 74.450-74.451', 0, 1),
(778, 174, 74, 20, 'SEGN SOTTOP+SALP 74.310', 0, 1),
(779, 174, 123, 46, 'SEGN DECOLTE''+PATTA 75.011-75.012', 0, 1),
(780, 174, 124, 87, 'SEGN +GRATTEGG ACCESS 75.144-DA 75.147 A 75.150', 0, 1),
(781, 174, 64, 75, 'ETICH SOTTOP DA 75.195 A 75.197', 0, 1),
(782, 174, 106, 100, 'MESSA IN FOD+ACCESS DA 75.002 A 75.006', 0, 1),
(783, 174, 77, 60, 'MESSA IN FOD+ACCESS DA 75.072 A 75.077', 0, 1),
(784, 174, 125, 100, 'TAGLIO ELAST DA 75.187 A 75.190', 0, 1),
(785, 174, 87, 109, 'STACCO LING DA 75.366 A 75.381', 0, 1),
(786, 174, 77, 40, 'PREP COMPL PIEGH DA 74.704 A 74.707', 0, 1),
(787, 174, 124, 18, 'INFILO TOM 75.148', 0, 1),
(788, 174, 127, 40, 'SCUCITURA COTONE 30 RIP', 0, 1),
(789, 174, 77, 60, 'ACCESS SU TOM DA 75.078 A 75.083', 0, 1),
(790, 176, 133, 36, 'PREP TOM+PREP E CUCITURA FODERA 74.754', 0, 1),
(791, 176, 106, 20, 'PREP COMP PIEGH 75.001', 0, 1),
(792, 176, 127, 120, 'SCUCITURA TOMAIA RIP', 0, 1),
(793, 176, 77, 36, 'PREP PIEGH 75.215', 0, 1),
(794, 176, 106, 40, 'ACCESS SU TOM 74.925-75.008', 0, 1),
(795, 176, 77, 30, 'ACCESS SU TOM DA 75.084 A 75.086', 0, 1),
(796, 176, 124, 54, 'SEGN+GRATTEGG ACCESS DA 75.151 A 75.153', 0, 1),
(797, 176, 125, 100, 'TAGLIO ELASTICO DA 75.191 A 75.194', 0, 1),
(798, 176, 77, 108, 'TAGLIO TOM 75.384-75.404-75.405', 0, 1),
(799, 176, 77, 216, 'TAGLIO FOD DA 75.382 A 75.384-DA 75.294 A 75.296', 0, 1),
(800, 176, 77, 216, 'SEGN FOD DA 75.285 A 75.287 DA 75.219 A 75.221', 0, 1),
(801, 176, 124, 78, 'SEGN TOM+TAGLIO FILETTO DA 75.347 A 75.349-75.152-75.153', 0, 1),
(802, 176, 123, 46, 'SEGN DECOLTE''+PATTA 75.013-75.014', 0, 1),
(803, 176, 124, 18, 'INFILATURA TOM 75.150', 0, 1),
(804, 176, 87, 76, 'STACCO LING DA 75.438 A 75.441-DA 75.444 A 75.447-75.451-75.452-75.457-75.460', 0, 1),
(805, 176, 87, 99, 'STACCO LING 75.442-75.443-DA 75.448 A 75.450-DA 75.454 A 75.456-75.461-75.462', 0, 1),
(806, 176, 106, 20, 'MESSA IN FOD+ACCESS 75.007', 0, 1),
(807, 176, 77, 112, 'MESSA IN FOD+ACCESS 75.202-75.204- DA 74.704 A 74.707', 0, 1),
(808, 182, 64, 1, '', 0, 1),
(809, 183, 132, 9, 'SANDALO A966', 0, 1),
(810, 183, 91, 8, 'SANDALO D130', 0, 1),
(811, 183, 91, 10, 'SANDALO D131', 0, 1),
(812, 183, 91, 8, 'SANDALO D132', 0, 1),
(813, 183, 90, 10, 'SANDALO D133', 0, 1),
(814, 183, 90, 8, 'SANDALO D687', 0, 1),
(815, 183, 70, 9, 'SANDALO C913', 0, 1),
(816, 183, 70, 6, 'SANDALO D018', 0, 1),
(817, 183, 70, 12, 'SANDALO A840', 0, 1),
(818, 184, 114, 6, 'SCARPAN 2967', 0, 1),
(819, 184, 114, 6, 'SCARPA 0675', 0, 1),
(820, 184, 73, 7, 'SCARPA 3286', 0, 1),
(821, 184, 107, 10, 'SCARPA 1460', 0, 1),
(822, 184, 107, 5, 'SCARPA 1696', 0, 1),
(823, 184, 107, 8, 'SCARPA 1065', 0, 1),
(824, 184, 134, 7, 'SCARPA 3386', 0, 1),
(825, 184, 135, 8, 'SCARPA 0704', 0, 1),
(826, 184, 135, 8, 'SCARPA 0703', 0, 1),
(827, 184, 135, 10, 'SCARPA 1964', 0, 1),
(828, 184, 135, 9, 'SCARPA 1963', 0, 1),
(829, 184, 129, 4, 'MOCASSINI', 0, 1),
(830, 185, 136, 1, '', 0, 3),
(831, 185, 137, 1, '', 0, 3),
(832, 185, 138, 1, '', 0, 3),
(833, 185, 140, 1, '', 0, 3),
(834, 185, 139, 1, '', 0, 3),
(835, 185, 138, 1, '', 0, 3),
(836, 186, 141, 9, 'SANDALO D493', 0, 1),
(837, 186, 91, 6, 'SANDALO D227', 0, 1),
(838, 186, 90, 6, 'SANDALO D409', 0, 1),
(839, 186, 70, 9, 'SANDALO C914', 0, 1),
(840, 186, 88, 7, 'SANDALO C709', 0, 1),
(841, 186, 65, 7, 'SANDALO D647', 0, 1),
(842, 186, 90, 8, 'SANDALO D134', 0, 1),
(843, 186, 70, 7, 'SANDALO C944', 0, 1),
(844, 186, 71, 7, 'SANDALO C712', 0, 1),
(845, 187, 64, 1, '', 0, 1),
(846, 179, 77, 30, 'PREP COMPL PIEGH DA 75.087 A 75.089', 0, 1),
(847, 179, 127, 200, 'SCUCIT CAPI COTONE 30 RIP', 0, 1),
(848, 179, 74, 40, 'RIFILO TOM 74.309-74.310', 0, 1),
(849, 179, 125, 100, 'TAGLIO ELASTICO DA 75.242 A 75.245', 0, 1),
(850, 179, 124, 18, 'INFILATURA TOM 75.154', 0, 1),
(851, 179, 142, 52, 'STACCO LINGUETTA 75.514-75.515', 0, 1),
(852, 179, 123, 46, 'SEGN DECOLTE'' +PATTA 75.015-75.016', 0, 1),
(853, 179, 77, 216, 'SEGN FOD DA 75.288 A 75.293', 0, 1),
(854, 179, 124, 90, 'SEGN TOM+TAGLIO ELASTICO DA 75.157 A 75.161', 0, 1),
(855, 179, 77, 107, 'TAGLIO TOM DA 75.409 A 75.411', 0, 1),
(856, 179, 77, 216, 'TAGLIO FOD DA 75.385 A 75.387-DA 75.404 A 75.406', 0, 1),
(857, 179, 77, 72, 'ACCEESS SU TOM 75.212-75.213', 0, 1),
(858, 179, 124, 90, 'SEGN +GRATTEGG ACCESS DA 75.154 A 75.157', 0, 1),
(859, 179, 106, 40, 'MESSA IN FOD+ACCESS 74.926-74.929', 0, 1),
(860, 179, 77, 36, 'MESSA IN FOD+ACCESS 75.198', 0, 1),
(861, 179, 77, 72, 'MESSA IN FOD+ACCESS 75.203-75.205', 0, 1),
(862, 179, 106, 20, 'MESSA IN FOD +ACCESS 75.001', 0, 1),
(863, 179, 77, 36, 'PREP PIEGH 75.285', 0, 1);

-- Dati tabella: tickets (TUTTI i dati - admin)
INSERT INTO `tickets` VALUES
(1, 1, 'Ciao ', 'ghth', 'tecnico', 'risolto', 'urgente', '2026-01-09 15:16:15', '2026-01-09 15:17:16'),
(2, 1, 'gyyugyugyugyug', 'ugygyu', 'tecnico', 'risolto', 'urgente', '2026-01-09 15:19:00', '2026-01-09 15:19:46'),
(3, 3, 'Richiesta assistenza ', 'ok', 'commerciale', 'risolto', 'urgente', '2026-01-11 22:43:50', '2026-01-11 22:45:46');

-- Dati tabella: ticket_messaggi (TUTTI i dati - admin)
INSERT INTO `ticket_messaggi` VALUES
(1, 1, 'cliente', 'ghth', '2026-01-09 15:16:15'),
(2, 1, 'admin', 'Il ticket è stato risolto', '2026-01-09 15:17:08'),
(3, 2, 'cliente', 'ugygyu', '2026-01-09 15:19:00'),
(4, 2, 'admin', 'hghggg', '2026-01-09 15:19:14'),
(5, 2, 'cliente', 'gygygygu', '2026-01-09 15:19:32'),
(6, 3, 'cliente', 'ok', '2026-01-11 22:43:50'),
(7, 3, 'admin', 'okok
', '2026-01-11 22:44:52');

-- Dati tabella: notifiche (TUTTI i dati - admin)
INSERT INTO `notifiche` VALUES
(1, 1, 1, 'cambio_stato', 'Il ticket "Ciao " è stato preso in carico', 1, '2026-01-09 15:16:37'),
(2, 1, 1, 'nuova_risposta', 'Nuova risposta al ticket: Ciao ', 1, '2026-01-09 15:17:08'),
(3, 1, 1, 'cambio_stato', 'Il ticket "Ciao " è stato risolto', 1, '2026-01-09 15:17:16'),
(4, 1, 2, 'nuova_risposta', 'Nuova risposta al ticket: gyyugyugyugyug', 1, '2026-01-09 15:19:14'),
(5, 1, 2, 'cambio_stato', 'Il ticket "gyyugyugyugyug" è stato risolto', 1, '2026-01-09 15:19:46'),
(6, 3, 3, 'nuova_risposta', 'Nuova risposta al ticket: Richiesta assistenza ', 1, '2026-01-11 22:44:52'),
(7, 3, 3, 'cambio_stato', 'Il ticket "Richiesta assistenza " è stato riaperto', 1, '2026-01-11 22:45:41'),
(8, 3, 3, 'cambio_stato', 'Il ticket "Richiesta assistenza " è stato risolto', 1, '2026-01-11 22:45:46');

-- Dati tabella: admin (TUTTI i dati - admin)
INSERT INTO `admin` VALUES
(1, 'admin', '$2b$10$t0X90F5w4Phrs8TcKlwVtesGLVLdWzWiDKxdZGTBHP.jtVENhddfi', 'admin@fabryonit.com', 'Amministratore', '2026-01-09 14:58:34');

-- Dati tabella: produzione (TUTTI i dati - admin)
INSERT INTO `produzione` VALUES
(4, 3, 'CIAB 606', 'PREP PIEGHETTE', '2026-02', '[10,36,36,36]', '', '2026-02-09 14:14:57', '2026-02-09 14:14:57'),
(6, 3, 'Ciap', 'hkjh', '2026-02', '[50,10,40]', '', '2026-02-09 14:28:04', '2026-02-09 14:29:35'),
(7, 3, 'FAV', 'ghf', '2026-02', '[200]', '', '2026-02-09 14:29:36', '2026-02-09 14:29:36');

-- Dati tabella: societa (TUTTI i dati - admin)
INSERT INTO `societa` VALUES
(1, 'SALMAX S.R.L', 'VIA TAVERNOLA 2', 'CASANDRINO', 'NA', 80025, '10709131212', 'salmax2025.srl@gmail.com', '3384031341', 'Salmax', '$2b$10$C6II09GzsAlriwHLP00Rn.dvORjaS9ejlQmGHuqJ.rGN26P.jgE1K', 646),
(2, 'SABATINO S.R.L', 'Via Raffaele Aruta 33', 'Arzano', 'NA', 80022, '7489474', 'sabacardillo82@gmail.com', '3792160119', 'Saba', '$2b$10$2ALyjeHtSvmzLFWDRFASi.hU6dzg0OYm6Lx833udoYaQZ4XMEzAIC', 0),
(3, 'PhonePop S.R.L', 'Via Viale Marconi, 43', 'Casoria', 'NA', 80144, 'IT574830328', 'phonepop74@gmail.com', '372160119', 'Phonepop', '$2b$10$em884pk7uRtwxOn6uB2kNeaFXyXrsb/iFR1Nzufbgfh/wPHFFTus.', 10);

-- Dati tabella: bolle (TUTTI i dati - admin)
INSERT INTO `bolle` VALUES
(77, 35, '2026-01-13 08:22:51', 'chiusa', 646, '2026-01-30 08:36:05', NULL, 1, 'Destinatario', 'Assegnato', NULL, NULL, NULL, NULL, NULL, NULL),
(90, 32, '2026-01-14 10:18:31', 'chiusa', 647, '2026-01-15 09:02:38', '2026-01-14 12:06:11', 1, 'Destinatario', 'Assegnato', NULL, NULL, NULL, '2026-01-12 23:00:00', NULL, NULL),
(91, 32, '2026-01-14 10:27:02', 'chiusa', 648, '2026-01-22 14:03:47', '2026-01-15 09:21:22', 1, 'Destinatario', 'Assegnato', '', '', '', NULL, 'CONTO LAVORAZIONE EFFETTUATA', ''),
(92, 32, '2026-01-14 10:28:53', 'chiusa', 649, '2026-01-15 08:18:52', NULL, 1, 'Destinatario', 'Assegnato', NULL, NULL, NULL, NULL, NULL, NULL),
(93, 34, '2026-01-14 10:40:20', 'chiusa', 650, '2026-01-15 08:15:00', '2026-01-14 10:49:14', 1, 'Destinatario', 'Assegnato', 'IMBALLAGGIO', '', NULL, NULL, NULL, NULL),
(97, 35, '2026-01-14 11:36:09', 'chiusa', 651, '2026-01-26 08:50:02', NULL, 1, 'Destinatario', 'Assegnato', NULL, NULL, NULL, NULL, NULL, NULL),
(115, 32, '2026-01-15 09:24:56', 'chiusa', 652, '2026-01-22 14:00:29', '2026-01-16 14:09:25', 1, 'Destinatario', 'Assegnato', '', '', '', NULL, 'CONTO LAVORAZIONE EFFETTUATA', ''),
(116, 35, '2026-01-15 09:32:38', 'chiusa', 653, '2026-01-26 08:50:44', NULL, 1, 'Destinatario', 'Assegnato', NULL, NULL, NULL, NULL, NULL, NULL),
(117, 32, '2026-01-16 08:01:02', 'chiusa', 654, '2026-01-22 13:54:44', '2026-01-19 10:38:35', 1, 'Destinatario', 'Assegnato', '', '', '', NULL, 'CONTO LAVORAZIONE EFFETTUATA', ''),
(118, 34, '2026-01-16 08:37:05', 'chiusa', 655, '2026-01-16 10:10:56', '2026-01-16 10:09:50', 1, 'Destinatario', 'Assegnato', 'IMBALLAGGIO', '', '', NULL, '', ''),
(120, 35, '2026-01-16 09:11:29', 'chiusa', 656, '2026-01-26 08:51:22', NULL, 1, 'Destinatario', 'Assegnato', NULL, NULL, NULL, NULL, NULL, NULL),
(121, 33, '2026-01-16 10:53:09', 'chiusa', 657, '2026-01-16 10:53:59', NULL, 1, 'Destinatario', 'Assegnato', NULL, NULL, NULL, NULL, NULL, NULL),
(130, 32, '2026-01-19 08:11:26', 'chiusa', 658, '2026-01-22 13:47:26', '2026-01-20 09:18:20', 1, 'Destinatario', 'Assegnato', '', '', '', NULL, 'CONTO LAVORAZIONE EFFETTUATA', ''),
(131, 34, '2026-01-19 08:12:26', 'chiusa', 659, '2026-01-19 08:15:44', '2026-01-19 08:15:40', 1, 'Destinatario', 'Assegnato', 'IMBALLAGGIO', '', '', NULL, '', ''),
(132, 35, '2026-01-19 08:20:47', 'chiusa', 660, '2026-01-26 08:51:59', NULL, 1, 'Destinatario', 'Assegnato', NULL, NULL, NULL, NULL, NULL, NULL),
(133, 32, '2026-01-19 09:49:17', 'chiusa', 661, '2026-01-19 09:55:40', NULL, 1, 'Destinatario', 'Assegnato', NULL, NULL, NULL, NULL, NULL, NULL),
(134, 35, '2026-01-20 08:11:07', 'chiusa', 662, '2026-02-04 10:21:14', NULL, 1, 'Destinatario', 'Assegnato', NULL, NULL, NULL, NULL, NULL, NULL),
(135, 32, '2026-01-20 08:16:29', 'chiusa', 663, '2026-01-26 08:33:24', '2026-01-21 11:19:48', 1, 'Destinatario', 'Assegnato', '', '', '', NULL, 'CONTO LAVORAZIONE EFFETTUATA', ''),
(136, 32, '2026-01-20 08:17:03', 'chiusa', 664, '2026-01-20 08:20:34', '2026-01-20 08:20:30', 1, 'Destinatario', 'Assegnato', '', '', '', NULL, 'CONTO LAVORAZIONE EFFETTUATA', ''),
(137, 32, '2026-01-21 08:11:03', 'chiusa', 665, '2026-01-26 09:09:51', '2026-01-26 09:09:47', 1, 'Destinatario', 'Assegnato', '', '', '', NULL, 'CONTO LAVORAZIONE EFFETTUATA', ''),
(138, 34, '2026-01-21 08:49:52', 'chiusa', 666, '2026-01-21 08:53:27', '2026-01-21 08:53:23', 1, 'Destinatario', 'Assegnato', 'IMBALLAGGIO', '', '', NULL, '', ''),
(139, 35, '2026-01-21 09:39:30', 'chiusa', 667, '2026-01-26 08:53:21', NULL, 1, 'Destinatario', 'Assegnato', NULL, NULL, NULL, NULL, NULL, NULL),
(140, 32, '2026-01-21 09:46:50', 'chiusa', 668, '2026-01-21 09:50:29', '2026-01-21 09:50:25', 1, 'Destinatario', 'Assegnato', '', '', '', NULL, 'CONTO LAVORAZIONE EFFETTUATA', ''),
(141, 32, '2026-01-22 08:00:15', 'chiusa', 669, '2026-01-26 09:29:08', '2026-01-26 09:29:01', 1, 'Destinatario', 'Assegnato', '', '', '', NULL, 'CONTO LAVORAZIONE EFFETTUATA', ''),
(142, 35, '2026-01-22 08:29:05', 'chiusa', 670, '2026-01-26 08:53:55', NULL, 1, 'Destinatario', 'Assegnato', NULL, NULL, NULL, NULL, NULL, NULL),
(143, 32, '2026-01-22 08:36:57', 'chiusa', 671, '2026-01-26 08:40:09', '2026-01-22 09:03:30', 1, 'Destinatario', 'Assegnato', '', '', '', NULL, 'CONTO LAVORAZIONE EFFETTUTA', ''),
(144, 34, '2026-01-22 10:11:10', 'chiusa', 672, '2026-01-22 10:15:53', '2026-01-22 10:15:39', 1, 'Destinatario', 'Assegnato', 'IMBALLAGGIO', '', '', NULL, '', ''),
(148, 31, '2026-01-22 14:14:14', 'chiusa', 10, '2026-01-22 14:14:23', NULL, 3, 'Destinatario', 'Assegnato', NULL, NULL, NULL, NULL, NULL, NULL),
(149, 31, '2026-01-22 14:14:31', 'chiusa', 11, '2026-01-22 14:14:38', NULL, 3, 'Destinatario', 'Assegnato', NULL, NULL, NULL, NULL, NULL, NULL),
(150, 32, '2026-01-26 08:09:31', 'chiusa', 673, '2026-01-26 11:46:53', '2026-01-26 11:46:50', 1, 'Destinatario', 'Assegnato', '', '', '', '2026-01-22 23:00:00', 'CONTO LAVORAZIONE EFFETTUATA', ''),
(151, 32, '2026-01-26 08:10:44', 'chiusa', 674, '2026-01-30 08:30:48', '2026-01-28 08:27:40', 1, 'Destinatario', 'Assegnato', '', '', '', NULL, 'CONTO LAVORAZIONE EFFETTUATA ', ''),
(152, 35, '2026-01-26 08:56:03', 'chiusa', 675, '2026-02-04 10:24:06', NULL, 1, 'Destinatario', 'Assegnato', NULL, NULL, NULL, NULL, NULL, NULL),
(153, 34, '2026-01-26 09:11:17', 'chiusa', 676, '2026-01-26 09:16:00', '2026-01-26 09:15:58', 1, 'Destinatario', 'Assegnato', 'IMBALLAGGIO', '', '', NULL, '', ''),
(154, 32, '2026-01-26 09:18:55', 'chiusa', 677, '2026-01-26 09:20:17', '2026-01-26 09:20:12', 1, 'Destinatario', 'Assegnato', '', '', '', NULL, 'CONTO LAVORAZIONE EFFETTUATA', ''),
(155, 32, '2026-01-27 10:20:37', 'chiusa', 678, '2026-02-05 08:44:04', '2026-01-30 09:55:33', 1, 'Destinatario', 'Assegnato', '', '', '', NULL, 'CONTO LAVORAZIONE EFFETTUATA', ''),
(156, 35, '2026-01-27 11:02:31', 'chiusa', 679, '2026-01-27 11:05:13', NULL, 1, 'Destinatario', 'Assegnato', NULL, NULL, NULL, NULL, NULL, NULL),
(158, 35, '2026-01-28 08:10:42', 'chiusa', 680, '2026-02-04 10:25:11', NULL, 1, 'Destinatario', 'Assegnato', NULL, NULL, NULL, NULL, NULL, NULL),
(159, 32, '2026-01-28 08:18:18', 'chiusa', 681, '2026-02-05 08:41:22', '2026-01-30 10:39:04', 1, 'Destinatario', 'Assegnato', '', '', '', NULL, 'CONTO LAVORAZIONE EFFETTUATA', ''),
(160, 34, '2026-01-28 08:34:44', 'chiusa', 682, '2026-01-28 08:39:06', '2026-01-28 08:39:03', 1, 'Destinatario', 'Assegnato', 'IMBALLAGGIO', '', '', NULL, '', ''),
(162, 32, '2026-01-28 10:05:30', 'chiusa', 683, '2026-01-28 10:06:15', '2026-01-28 10:06:11', 1, 'Destinatario', 'Assegnato', '', '', '', NULL, 'CONTO LAVORAZIONE EFFETTUATA', ''),
(163, 32, '2026-01-29 08:12:29', 'chiusa', 684, '2026-02-05 08:36:02', '2026-01-30 10:36:39', 1, 'Destinatario', 'Assegnato', '', '', '', NULL, 'CONTO LAVORAZIONE EFFETTUATA', ''),
(164, 35, '2026-01-29 08:26:07', 'chiusa', 685, '2026-01-29 08:31:12', NULL, 1, 'Destinatario', 'Assegnato', NULL, NULL, NULL, NULL, NULL, NULL),
(165, 34, '2026-01-29 10:03:38', 'chiusa', 686, '2026-01-29 10:10:28', '2026-01-29 10:10:13', 1, 'Destinatario', 'Assegnato', 'imballaggio ', '', '', NULL, '', ''),
(166, 32, '2026-01-30 08:22:42', 'chiusa', 687, '2026-02-05 12:54:16', '2026-02-03 09:13:41', 1, 'Destinatario', 'Assegnato', '', '', '', NULL, 'CONTO LAVORAZIONE EFFETTUATA', ''),
(167, 35, '2026-01-30 08:32:26', 'chiusa', 688, '2026-01-30 08:34:26', NULL, 1, 'Destinatario', 'Assegnato', NULL, NULL, NULL, NULL, NULL, NULL),
(168, 34, '2026-01-30 10:40:16', 'chiusa', 689, '2026-01-30 10:42:25', '2026-01-30 10:42:21', 1, 'Destinatario', 'Assegnato', 'IMBALLAGGIO', '', '', NULL, '', ''),
(169, 35, '2026-02-02 08:46:32', 'chiusa', 690, '2026-02-02 08:49:49', '2026-02-02 08:49:45', 1, 'Destinatario', 'Assegnato', NULL, NULL, NULL, '2026-01-29 23:00:00', NULL, NULL),
(172, 34, '2026-02-02 08:57:20', 'chiusa', 691, '2026-02-02 09:04:01', '2026-02-02 09:03:58', 1, 'Destinatario', 'Assegnato', 'IMBALLAGGIO', '', '', '2026-01-29 23:00:00', '', ''),
(173, 32, '2026-02-02 11:06:06', 'chiusa', 692, '2026-02-04 08:42:47', '2026-02-04 08:42:42', 1, 'Destinatario', 'Assegnato', '', '', '', NULL, 'CONTO LAVORAZIONE EFFETTUATA', ''),
(174, 32, '2026-02-03 09:15:29', 'chiusa', 693, '2026-02-05 11:20:25', '2026-02-05 11:20:23', 1, 'Destinatario', 'Assegnato', '', '', '', NULL, 'CONTO LAVORAZIONE EFFETTUATA', ''),
(175, 32, '2026-02-03 09:15:47', 'chiusa', 694, '2026-02-03 09:16:59', '2026-02-03 09:16:56', 1, 'Destinatario', 'Assegnato', '', '', '', NULL, 'CONTOM LAVORAZIONE EFFETTUATA', ''),
(176, 32, '2026-02-04 08:24:07', 'chiusa', 695, '2026-02-05 11:44:31', '2026-02-05 11:44:27', 1, 'Destinatario', 'Assegnato', '', '', '', NULL, 'CONTO LAVORAZIONE EFFETTUATA', ''),
(177, 34, '2026-02-04 08:24:31', 'chiusa', 696, '2026-02-04 08:28:46', '2026-02-04 08:28:43', 1, 'Destinatario', 'Assegnato', 'IMBALLAGGIO', '', '', NULL, '', ''),
(178, 35, '2026-02-04 09:03:18', 'chiusa', 697, '2026-02-04 09:05:19', NULL, 1, 'Destinatario', 'Assegnato', NULL, NULL, NULL, NULL, NULL, NULL),
(179, 32, '2026-02-05 08:22:16', 'chiusa', 698, '2026-02-09 09:43:12', '2026-02-09 09:43:08', 1, 'Destinatario', 'Assegnato', '', '', '', NULL, 'CONTO LAVORAZIONE EFFETTUATA', ''),
(180, 35, '2026-02-05 08:22:46', 'chiusa', 699, '2026-02-05 08:38:11', NULL, 1, 'Destinatario', 'Assegnato', NULL, NULL, NULL, NULL, NULL, NULL),
(181, 34, '2026-02-05 09:20:53', 'chiusa', 700, '2026-02-05 09:22:56', '2026-02-05 09:22:54', 1, 'Destinatario', 'Assegnato', 'IMBALLAGGIO', '', '', NULL, '', ''),
(182, 32, '2026-02-06 08:21:33', 'chiusa', 701, '2026-02-06 08:21:41', NULL, 1, 'Destinatario', 'Assegnato', NULL, NULL, NULL, NULL, NULL, NULL),
(183, 34, '2026-02-06 08:56:24', 'chiusa', 702, '2026-02-06 08:59:15', '2026-02-06 08:59:13', 1, 'Destinatario', 'Assegnato', 'IMBALLAGGIO', '', '', NULL, '', ''),
(184, 35, '2026-02-06 09:35:51', 'chiusa', 703, '2026-02-06 09:40:16', NULL, 1, 'Destinatario', 'Assegnato', NULL, NULL, NULL, NULL, NULL, NULL),
(185, 31, '2026-02-06 18:25:48', 'chiusa', 12, '2026-02-06 18:26:45', NULL, 3, 'Destinatario', 'Assegnato', NULL, NULL, NULL, NULL, NULL, NULL),
(186, 34, '2026-02-09 09:19:22', 'chiusa', 704, '2026-02-09 09:22:12', '2026-02-09 09:22:09', 1, 'Destinatario', 'Assegnato', 'IMBALLAGGIO', '', '', NULL, '', ''),
(187, 32, '2026-02-09 09:23:45', 'chiusa', 705, '2026-02-09 09:24:00', NULL, 1, 'Destinatario', 'Assegnato', NULL, NULL, NULL, NULL, NULL, NULL);

-- Dati tabella: prodotti (TUTTI i dati - admin)
INSERT INTO `prodotti` VALUES
(54, '123', 3),
(55, '3056', 1),
(56, '3147', 1),
(57, '3008', 1),
(58, '3075', 1),
(59, '2279', 1),
(64, 'ball 69', 1),
(65, 'BE 518', 1),
(70, 'ME 602', 1),
(71, 'ME 601', 1),
(72, '3046', 1),
(73, '3163', 1),
(74, 'Y 70', 1),
(75, 'CIAB 658', 1),
(76, 'FE 976', 1),
(77, 'CIAB 606', 1),
(78, 'FE 976', 1),
(79, 'SAND 355', 1),
(80, 'Y 07', 1),
(81, 'Y 05', 1),
(82, 'MR 802', 1),
(83, 'Y BABY', 1),
(84, 'BALL 013', 1),
(85, 'DEC 25', 1),
(86, 'CIAB 654', 1),
(87, 'KT.F', 1),
(88, 'ME 600', 1),
(89, '3081', 1),
(90, 'BE 502', 1),
(91, 'BE 501', 1),
(92, '3060', 1),
(93, '3038', 1),
(94, '3055', 1),
(95, 'BALL 725', 1),
(96, 'BALL 027', 1),
(97, '3095', 1),
(98, 'KT 031', 1),
(99, '3011', 1),
(100, '3010', 1),
(101, '3012', 1),
(102, 'KT.FA', 1),
(103, '3074', 1),
(104, '2635', 1),
(105, '3047', 1),
(106, 'CIAB 21', 1),
(107, '3036', 1),
(108, 'BE 509', 1),
(109, 'BE 707', 1),
(110, '3126', 1),
(111, 'Y 41', 1),
(112, 'BE 503', 1),
(113, 'Y 730', 1),
(114, '3025', 1),
(115, '3033', 1),
(116, '3034', 1),
(117, '3083', 1),
(118, '308', 1),
(119, '3083', 1),
(120, '3039', 1),
(121, '2518', 1),
(122, '3093', 1),
(123, 'LP 24', 1),
(124, 'PANT 36', 1),
(125, 'MR 64', 1),
(126, 'LR 24', 1),
(127, 'Y 09', 1),
(128, '3044', 1),
(129, 'CAMPIONI', 1),
(130, '3166', 1),
(131, '3043', 1),
(132, 'BE 500', 1),
(133, 'BALL 50', 1),
(134, '3005', 1),
(135, '3082', 1),
(136, 'K.T.F', 3),
(137, 'PANT 36', 3),
(138, 'CIAB 606', 3),
(139, 'CIAB 21', 3),
(140, 'MR 64', 3),
(141, 'BE 519', 1),
(142, 'KT F1', 1);

-- Dati tabella: bolla_prodotti (TUTTI i dati - admin)
-- Nessun dato

-- Dati tabella: merce (TUTTI i dati - admin)
INSERT INTO `merce` VALUES
(7, 'Iphone 12', 10, 3);

-- Dati tabella: presenze (TUTTI i dati - admin)
INSERT INTO `presenze` VALUES
(9, 18, 3, '2026-02-04 23:00:00', 'entrata', '08:00:00', NULL, '2026-02-08 12:20:32'),
(10, 18, 3, '2026-02-05 23:00:00', 'entrata', '08:00:00', NULL, '2026-02-08 12:20:39'),
(11, 18, 3, '2026-02-01 23:00:00', 'entrata', '08:00:00', NULL, '2026-02-08 12:20:50'),
(12, 18, 3, '2026-02-02 23:00:00', 'entrata', '08:00:00', NULL, '2026-02-08 12:20:54'),
(13, 18, 3, '2026-02-03 23:00:00', 'entrata', '08:00:00', NULL, '2026-02-08 12:20:57'),
(14, 18, 3, '2026-02-05 23:00:00', 'uscita', '15:00:00', NULL, '2026-02-08 12:21:11'),
(16, 19, 3, '2026-02-07 23:00:00', 'entrata', '08:00:00', NULL, '2026-02-08 14:15:01'),
(17, 18, 3, '2026-02-07 23:00:00', 'entrata', '08:00:00', NULL, '2026-02-08 14:15:15'),
(18, 20, 1, '2026-02-08 23:00:00', 'entrata', '09:00:00', NULL, '2026-02-09 10:00:44'),
(19, 20, 1, '2026-02-08 23:00:00', 'uscita', '14:00:00', NULL, '2026-02-09 10:08:14'),
(21, 20, 1, '2026-02-05 23:00:00', 'entrata', '08:30:00', NULL, '2026-02-09 10:10:46');

SET FOREIGN_KEY_CHECKS=1;

-- Backup completato con successo
